id,domain,status,purchase_price,renewal_price,attractiveness,demand,length,registrar,created_at,expires_at,status_verified_at
38c100da-48ee-4539-aedd-4f603f87f272,plenteous.top,available,2.98,6.98,medium,low,9,namecheap,,,08/09/2026 21:08
1010a584-5ecb-47ee-bf14-68e21492a48b,shimmery.top,available,1.88,4.88,high,medium,8,namesilo,,,10/09/2026 06:30
2c9ea21d-75e6-438a-8935-6f1b384fe658,bishkek.top,available,1.88,4.88,medium,low,7,namesilo,,,23/09/2026 21:43
6db65f60-c9e5-48ad-97c8-e2a923d8f1fd,caper.top,premium,49.14,49.14,high,low,5,namesilo,,,22/09/2026 06:32
46025b49-d42a-4ddb-8d70-186dd293dea5,thwack.top,available,1.88,4.88,medium,low,6,namesilo,,,16/09/2026 02:47
c10af28e-1c40-43f0-b1ea-75a6a2d085d6,dressy.top,resell,,,high,low,6,Dynadot LLC,05/02/2016 15:06,05/02/2027 15:06,26/09/2026 05:41
01c3a923-2245-4e49-80ae-a6c50c1097ca,boundary.top,premium,266.5,266.5,high,low,8,namesilo,,,23/09/2026 01:32
bf8fe8c6-b5e2-4a62-9390-974612db44c0,neglect.top,available,1.88,4.88,high,low,7,namesilo,,,
d4397f0d-ea65-4219-a97b-48b7948943ee,amide.top,premium,19.41,19.41,high,low,5,namecheap,,,18/09/2026 21:35
738c206b-3709-4ba4-8981-29f6f8eb33f2,neutral.top,premium,49.14,49.14,high,low,7,namesilo,,,21/09/2026 16:07
74aa5bb6-4c1f-4864-8935-4314f6a6a442,corking.top,available,1.88,4.88,high,low,7,namesilo,,,08/08/2026 12:20
1a69dfca-fe28-44bf-8d08-dad446f1952c,ague.top,premium,16.38,16.38,medium,low,4,namesilo,,,
421499c3-29e0-4328-b5eb-81a3ea2d5910,slovakian.top,available,1.88,4.88,medium,low,9,namesilo,,,10/09/2026 11:16
e94b6b3d-2bcb-4bf7-8334-e3604cb69945,zesty.top,premium,55.58,55.58,high,low,5,name.com,,,08/08/2026 20:02
180e0678-7042-498f-9a86-34a9c5103a71,citric.top,available,1.88,4.88,medium,low,6,namesilo,,,12/08/2026 08:54
9cb53a3d-28c6-404d-83f8-44a1ce80930a,meek.top,premium,55.79,55.79,high,low,4,name.com,,,24/08/2026 19:16
db45cd7e-6e4a-41c5-b8d0-e94569205e0c,huxley.top,premium,49.14,49.14,high,low,6,namesilo,,,18/09/2026 04:39
6d57f0d8-8c55-407a-9531-06295ae3a13c,czechoslovakia.top,available,,,medium,low,14,,,,
b50e443e-1683-4f20-a25f-82d67d00a4db,servants.top,available,1.88,4.88,medium,low,8,namesilo,,,18/09/2026 01:39
6c7c65ab-e751-4ed1-8af2-de11a533c36f,unopposed.top,available,1.88,4.88,medium,low,9,namesilo,,,12/09/2026 16:16
bf55e9c1-9a80-43fb-8f42-be6ebb5c51d7,percussive.top,available,1.88,4.88,high,low,10,namesilo,,,08/09/2026 16:22
df77c09d-362b-4cf4-82ef-9b70a116d6c7,cells.top,resell,,,high,low,5,"Spaceship, Inc.",07/07/2022 19:17,07/07/2027 19:17,26/09/2026 04:49
bb28f8da-faf0-40d4-8251-86c9b00c33b8,superman.top,premium,54.45,54.45,high,low,8,namesilo,,,
b2175953-bf3d-4364-8b8f-34a57c7ad4b0,calhoun.top,available,2.98,6.98,medium,low,7,namecheap,,,27/09/2026 03:19
6b2f9363-32cd-41cf-96d3-a7189eabd3e2,shallot.top,available,2.98,6.98,medium,low,7,namecheap,,,18/09/2026 11:16
98d4b977-5285-4b32-9e21-5b8aa7c40871,grooved.top,available,1.88,4.88,medium,low,7,namesilo,,,20/08/2026 20:17
e31a600b-47b3-49b4-9922-14ef6e1fb851,tempers.top,available,1.88,4.88,medium,low,7,namesilo,,,20/09/2026 14:00
5e904d65-4600-40a4-b0e5-25d7222b3463,fireproof.top,available,1.88,4.88,high,low,9,namesilo,,,18/08/2026 05:07
10f6e352-143d-4110-839e-4428c3616989,forties.top,available,1.88,4.88,medium,low,7,namesilo,,,16/09/2026 12:06
fc428cb0-a10b-4211-ba93-26f1afa4e0a2,mcdonnell.top,available,1.88,4.88,medium,low,9,namesilo,,,27/09/2026 02:55
fb94895f-70f8-4832-bb5b-30f5b2fa39ff,mediated.top,available,2.98,6.98,medium,low,8,namecheap,,,24/08/2026 18:53
678c4dad-3d5c-42cd-9a8c-e7d7e8194eb3,applicable.top,available,1.88,4.88,high,low,10,namesilo,,,06/08/2026 07:06
9133554d-0e95-49d0-988d-c1afb95ce615,stingless.top,available,1.88,4.88,medium,low,9,namesilo,,,10/09/2026 20:48
875c3b66-0531-4eeb-bdd6-dca5ec9ca8e5,araneae.top,available,14.99,14.99,medium,low,7,name.com,,,20/09/2026 00:06
1a7a6538-ba40-4361-943e-9cdb9d23735b,becalm.top,available,1.88,4.88,medium,low,6,namesilo,,,10/09/2026 19:38
d7c8f4ec-6ee4-40f0-8414-426e52041cdf,sinhalese.top,available,1.88,4.88,high,medium,9,namesilo,,,10/09/2026 08:23
658b714c-74d2-4171-bcb6-e81b31539554,tks.top,premium,245.04,,high,low,3,name.com,,,
821155f6-ff3d-4bc5-b55a-5d532f01cd4e,dream.top,premium,659.02,,high,medium,5,name.com,,,
ae1a5d2e-e080-46b6-a832-04d6a351ffbf,phantasma.top,available,2.98,6.98,high,low,9,namecheap,,,08/09/2026 18:38
e0f3c998-edf4-42e5-a4c0-c961b6ef9b1f,strife.top,available,2.98,6.98,high,low,6,namecheap,,,24/09/2026 22:33
46363e16-67ba-4b3f-9dc2-471478ba0360,church.top,premium,7422.76,,high,low,6,name.com,,,
69531d3a-3837-490f-a0de-8203c320b9c9,undisciplined.top,available,1.88,4.88,medium,low,13,namesilo,,,
44a1cc61-6ffa-4930-821f-77fd8ecf2cb5,brigade.top,premium,58.66,58.66,high,low,7,name.com,,,24/09/2026 10:19
68f5753a-3746-476c-838f-98e4c1dfbe04,autocue.top,available,2.98,6.98,medium,low,7,namecheap,,,21/09/2026 06:14
61ba8d3a-82ea-43df-b166-86125c693220,abdicable.top,available,1.88,4.88,medium,low,9,namesilo,,,
20f2c286-e66c-45af-9a10-57fbfa3a6bd7,multiplex.top,premium,49.14,49.14,high,low,9,namesilo,,,24/08/2026 15:08
9eb1d0a1-c0de-4414-a873-883b7641eabb,polemic.top,available,1.88,4.88,medium,low,7,namesilo,,,08/09/2026 22:51
ecc56aab-8f7c-4296-9096-66221cc7d7a0,prochoice.top,available,1.88,4.88,high,low,10,namesilo,,,
bcd8af61-a866-472b-9bd6-17bdf1e88e28,lackluster.top,available,2.98,6.98,medium,low,10,namecheap,,,22/08/2026 18:07
69d0b5f5-23f0-40ee-8ca7-b25f6640254f,chromatic.top,premium,49.14,49.14,high,low,9,namesilo,,,12/08/2026 07:22
e36d3bac-eb83-445d-8fa8-5b7224abe937,norms.top,available,1.88,4.88,medium,low,5,namesilo,,,
d6b320a6-7f3d-4640-9dae-90a1ee674647,slovak.top,available,1.88,4.88,high,low,6,namesilo,,,25/09/2026 10:44
77a65a5f-2e59-4331-86ec-9485c46e0853,syncope.top,available,2.98,6.98,medium,low,7,namecheap,,,17/08/2026 21:05
842b0646-d333-4a4e-8c8d-d222b498fc29,wired.top,premium,54.45,54.45,high,low,5,namesilo,,,
b4a62845-ef17-4bf8-9d76-ee22208a3902,afterlife.top,available,1.88,4.88,high,low,9,namesilo,,,15/09/2026 00:23
311a6006-370d-409b-abcc-4f4f6e536de7,acidosis.top,available,2.98,6.98,medium,low,8,namecheap,,,17/09/2026 01:28
9e2120c8-9ece-4130-b150-297aacf430c2,stacked.top,available,1.88,4.88,high,low,7,namesilo,,,25/09/2026 14:18
acbe89b6-a1df-45ac-9403-1073e020b88f,chilling.top,available,1.88,4.88,medium,low,8,namesilo,,,12/08/2026 05:19
3c0912aa-19da-4e65-8ba0-059b165f2e71,teen.top,premium,101.74,101.74,high,low,4,namecheap,,,21/09/2026 19:11
37e3db35-4c02-4a3d-b37f-496adf3beadb,agapanthus.top,available,2.98,6.98,medium,low,10,namecheap,,,17/09/2026 16:11
9d7be36e-2baf-4f1e-8e40-a7e81bc4330f,chevalier.top,premium,49.14,49.14,high,low,9,namesilo,,,11/08/2026 22:49
6f4b5ec5-9d84-492f-b09f-733d3bd306a4,harmonic.top,premium,49.14,49.14,high,low,8,namesilo,,,12/08/2026 22:46
4058a0c0-5d27-495a-ad0e-7004d2f3c10b,cymry.top,available,1.88,4.88,medium,low,5,namesilo,,,13/09/2026 10:45
e26c511b-f158-4969-8a25-534bbeed1544,alidade.top,available,2.98,6.98,medium,low,7,namecheap,,,18/09/2026 07:31
75783813-ce48-4e75-b23c-a63533c9423a,dandy.top,premium,49.14,49.14,high,low,5,namesilo,,,08/08/2026 12:30
ef856887-a4f2-4c20-87d6-4bc987ef4498,policy.top,premium,54.45,54.45,high,low,6,namesilo,,,
e7e4535a-1260-481a-8649-71213298809f,widgeon.top,available,1.88,4.88,medium,low,7,namesilo,,,19/09/2026 02:58
2e405204-c54b-40ce-9164-15812b0eeba9,trepid.top,available,1.88,4.88,medium,low,6,namesilo,,,11/09/2026 16:07
9fd70ec4-ad82-422b-b3d6-4fdc0402c749,bagdad.top,available,1.88,4.88,medium,low,6,namesilo,,,
60cc9b4a-989f-4536-96f9-6877ee2bb306,yearn.top,premium,49.14,49.14,high,low,5,namesilo,,,24/08/2026 08:59
3fbe4c8f-3aaa-4eaf-91d0-4f0ab9fb492a,agitating.top,available,1.88,4.88,medium,low,9,namesilo,,,
16413a2d-c73e-4130-91d3-40e272e89763,ostensibly.top,available,2.98,6.98,medium,low,10,namecheap,,,13/09/2026 20:26
89c3aa8d-254f-4074-9739-4dbcfd9c7306,bataan.top,available,1.88,4.88,medium,low,6,namesilo,,,22/09/2026 13:10
f20098fa-3363-446b-8aef-633a16616873,coupled.top,available,1.88,4.88,high,low,7,namesilo,,,12/08/2026 22:15
a2e6a979-3de0-429b-ad7d-309e38f157d2,ashur.top,available,1.88,4.88,medium,low,5,namesilo,,,20/09/2026 13:50
da78128e-7060-4c8d-a020-bdb0040b76f6,shallow.top,premium,91.54,,medium,low,7,name.com,,,
5534dcac-3a29-43d1-8ed7-f5ad09c4917c,freeze.top,premium,360.31,360.31,high,low,6,namesilo,,,25/09/2026 22:53
67debd2f-c779-4203-99aa-e9d82af38d9b,ramjet.top,available,1.88,4.88,medium,low,6,namesilo,,,20/09/2026 20:48
ca0a708b-f791-45b5-afce-9fa16f529d56,plot.top,premium,49.14,49.14,high,low,4,namesilo,,,24/09/2026 22:09
e780fb30-809a-4c94-a179-4f7dbf9a0078,etch.top,premium,54.45,54.45,high,low,4,namesilo,,,
daa697a1-8bf1-43c3-bf52-71d9ba63ba7b,post.top,premium,732.25,,high,medium,4,name.com,,,
c3c63297-f482-49f9-84c1-5d6570058d2a,errorless.top,available,1.88,4.88,medium,low,9,namesilo,,,17/08/2026 13:01
049b5db3-c886-4d08-a330-e8077c8bdb1e,smothered.top,available,1.88,4.88,medium,low,9,namesilo,,,10/09/2026 12:11
00151c3a-2cbc-4954-bb5e-4422c5eb27d5,interpersonal.top,available,1.88,4.88,high,low,13,namesilo,,,
cdccd625-a1db-4e51-a829-2963adef04b2,responded.top,available,2.98,6.98,medium,low,9,namecheap,,,18/09/2026 18:02
0687c71d-22c5-4d31-b865-a989034f9c86,bellwether.top,available,1.88,4.88,high,low,10,namesilo,,,23/09/2026 06:30
d675e510-98c2-48b9-8514-6c14d78e69f9,ephemeron.top,available,1.88,4.88,medium,low,9,namesilo,,,17/08/2026 10:22
4c635e41-0a60-4d27-875a-25e6295ef231,avail.top,premium,49.14,49.14,high,low,5,namesilo,,,21/09/2026 08:37
8c99830f-7799-4abb-a4dc-6080f12f9317,citizen.top,premium,371.14,,high,low,7,name.com,,,
f15e87d6-7a90-4d41-96cc-9231bd96e543,sex.top,premium,59225,,high,medium,3,成都西维数码科技有限公司,16/02/2015 02:15,16/02/2027 02:15,
fcc4ec4c-4123-4d13-8cc4-775960059053,franklin.top,premium,49.14,49.14,high,low,8,namesilo,,,23/09/2026 08:17
8f0edbc8-b903-4a9f-967f-d3818d589a7a,azt.top,premium,116.08,116.08,high,low,3,namecheap,,,21/09/2026 11:33
6c0bc637-bd12-4d3f-9493-4b69afce3b71,requires.top,available,1.88,4.88,medium,low,8,namesilo,,,18/09/2026 15:31
e7adfb1d-fdaf-4fac-8d6e-54c2b20c1c0c,justice.top,premium,291.15,291.15,high,medium,7,namecheap,,,19/09/2026 10:07
04e7ac36-493b-49c6-bf55-3c12006fcaec,druggist.top,available,2.98,6.98,high,low,8,namecheap,,,19/09/2026 19:38
ac8b7850-9e4c-4197-ae6d-8ddfc26c9955,pratt.top,available,1.88,4.88,high,low,5,namesilo,,,25/09/2026 12:12
bb1a31be-d7a7-4bac-995a-aaca816bd46c,advertence.top,available,14.99,14.99,medium,low,10,name.com,,,17/09/2026 11:06
4323e861-f1fe-4008-87d4-92f5f7ad736d,jeep.top,premium,735.15,,high,medium,4,name.com,,,
37be672b-7749-4723-ab63-f3228ba5b86e,diametric.top,available,1.88,4.88,medium,low,9,namesilo,,,14/08/2026 05:56
c03a3578-f273-4421-bb00-c9bf336d8849,merrily.top,available,1.88,4.88,high,low,7,namesilo,,,14/09/2026 00:25
d5039b83-ef95-44da-b2db-b9c2db1e1aa9,efficiency.top,premium,266.5,266.5,high,low,10,namesilo,,,24/09/2026 05:23
7f721f9a-b589-47b5-9934-a4360f7a4be5,impulsive.top,available,1.88,4.88,high,low,9,namesilo,,,11/08/2026 01:34
aade7c95-8695-4326-a77a-11acdda080d3,substrates.top,available,2.98,6.98,medium,low,10,namecheap,,,25/09/2026 21:45
29b59cb3-9ddc-45a7-a588-b2fdc0d97bee,panoptic.top,available,2.98,6.98,high,low,8,namecheap,,,
988ee5d3-00c8-49b6-9332-8e214fba8533,andean.top,available,1.88,4.88,high,low,6,namesilo,,,24/09/2026 08:21
99155f8b-cb92-4ccc-902b-8e041e6ea20b,deprave.top,available,1.88,4.88,medium,low,7,namesilo,,,13/08/2026 02:24
3b99381d-3552-480b-a50a-27a0ed95ba80,lubricious.top,available,1.88,4.88,medium,low,10,namesilo,,,24/08/2026 10:50
bef541a3-1524-42f3-bb82-e5821f7673ed,lovesick.top,available,1.88,4.88,medium,low,8,namesilo,,,24/08/2026 10:18
99eb58d5-8121-4898-b2d4-e2acb888bab1,jail.top,premium,49.14,49.14,high,low,4,namesilo,,,27/09/2026 04:20
3233b3ab-1c79-4228-94a2-e58e657e6469,avifauna.top,available,2.98,6.98,medium,low,8,namecheap,,,21/09/2026 09:31
53ff90cd-9a65-4fe7-9a4f-2464c8c73a21,altaic.top,available,1.88,4.88,medium,low,6,namesilo,,,
7d3a692a-e32f-44d0-84ba-a86cb72647f1,guest.top,premium,7442.29,,high,low,5,name.com,,,
9badd5e8-b61d-4553-b9f4-03b39a9b1641,analects.top,available,1.88,4.88,medium,low,8,namesilo,,,19/09/2026 01:48
8bceb834-d714-442a-8349-af1129ceba79,unquestionable.top,available,6.98,,medium,low,14,namecheap,,,
1015cc97-80fa-482f-8e07-09695f8b7e50,allergic.top,available,1.88,4.88,high,low,8,namesilo,,,22/09/2026 01:25
ecc7ed82-ae39-4ab9-a4aa-eea0b454fe97,amundsen.top,available,1.88,4.88,medium,low,8,namesilo,,,19/09/2026 00:12
927fe967-6a07-4a0f-8e46-33b725bacf67,claim.top,premium,7422.76,,high,low,5,name.com,,,
4e514792-6f90-4a2f-a452-e37f41a9a7b5,apples.top,resell,,,high,low,6,West263 International Limited,23/01/2021 18:06,23/01/2027 18:06,26/09/2026 03:56
1630b2ec-a43e-48f1-83df-d644ab9dfa13,waterloo.top,premium,49.14,49.14,high,low,8,namesilo,,,22/09/2026 16:19
10b12080-6aab-4a1e-b879-e1a4001ec668,beany.top,available,2.98,6.98,medium,low,5,namecheap,,,22/09/2026 20:33
eae9fa96-eb52-4c10-b107-bf007d5f2180,hoard.top,premium,49.14,49.14,medium,low,5,namesilo,,,12/08/2026 16:57
5ac525ff-b344-474a-939e-68bb595152c0,meddle.top,available,1.88,4.88,medium,low,6,namesilo,,,
b1433c7b-698b-4649-b200-628c7751a064,theater.top,premium,266.5,266.5,high,low,7,namesilo,,,23/09/2026 02:50
c71b3cdb-0e41-4db8-8f86-4f4e248b8c9f,malian.top,premium,77.14,77.14,high,low,6,namesilo,,,24/08/2026 14:00
ce2c3d57-871c-4a52-bc0b-46c83f19653a,babel.top,premium,49.14,49.14,high,low,5,namesilo,,,21/09/2026 12:37
42c21979-8eb9-400b-a7ab-1afd5914a650,profligate.top,available,14.99,14.99,medium,low,10,name.com,,,13/08/2026 20:24
e7f92244-911c-4729-9d97-f1c1e5d08b71,offered.top,available,1.88,4.88,medium,low,7,namesilo,,,
632929e4-e2bd-4be2-b14f-b4b45f3b4a66,aphid.top,available,1.88,4.88,medium,low,5,namesilo,,,19/09/2026 16:56
579f0b4c-ca8f-408e-ae76-554c075d8865,mayoral.top,premium,55.79,55.79,medium,low,7,name.com,,,24/08/2026 18:00
fb62cb6a-a445-4676-89f3-330c2c3362c7,uninformed.top,available,1.88,4.88,high,low,10,namesilo,,,12/09/2026 13:22
ceabc216-5b35-44b4-a8be-c21de3ce15bc,pommel.top,available,1.88,4.88,medium,low,6,namesilo,,,23/09/2026 13:53
bbd3b886-dd37-488e-8ab1-c89a7e69956b,prototypes.top,available,1.88,4.88,medium,low,10,namesilo,,,21/09/2026 06:44
96eaff6c-e4a1-4ac4-b863-aac4a6b2d463,bowfin.top,available,2.98,6.98,medium,low,6,namecheap,,,18/09/2026 21:19
a82ede2e-7032-4904-9ec1-e65bab47a594,threepenny.top,available,1.88,4.88,medium,low,10,namesilo,,,10/09/2026 09:08
f030df04-3818-447a-824d-2465e97c74ad,goosebumps.top,available,2.98,6.98,medium,low,10,namecheap,,,19/09/2026 00:04
e1d76e6d-e44b-484c-b676-619d09d76d0c,toffy.top,premium,16.38,16.38,medium,low,5,namesilo,,,11/08/2026 04:55
55572bc6-7cfa-4acd-8ae4-e91225575e87,barye.top,available,2.98,6.98,medium,low,5,namecheap,,,22/09/2026 03:48
ce9f0d90-e0eb-4f8f-8b92-25bdb9d08685,rico.top,premium,49.14,49.14,high,low,4,namesilo,,,19/09/2026 14:11
8953e3ab-b9b1-4e6d-bed9-940d86d460ee,exclusive.top,resell,,,high,low,9,Dynadot LLC,25/03/2026 18:52,25/03/2027 18:52,26/09/2026 05:56
86007c61-0757-43bd-89bd-293b8c147fc1,breathless.top,available,1.88,4.88,high,low,10,namesilo,,,11/08/2026 03:23
2dbba612-6f91-4466-b43a-9d53396c7de2,postmortem.top,available,1.88,4.88,high,low,10,namesilo,,,09/09/2026 00:31
36d0c65a-edec-469b-9a95-5b42c6ae1a83,whips.top,available,2.98,6.98,medium,low,5,namecheap,,,17/09/2026 19:42
5a680704-d5e9-46c4-acba-ba959defd36c,stimulated.top,available,1.88,4.88,medium,low,10,namesilo,,,10/09/2026 20:42
5fcd3f92-f226-4e8b-b684-c595593b1c3d,beachhead.top,available,2.98,6.98,medium,low,9,namecheap,,,22/09/2026 19:08
b3b46688-422b-4fb6-86fe-b830140455b4,wickedness.top,available,1.88,4.88,medium,low,10,namesilo,,,17/08/2026 15:06
10394294-eb19-445c-a096-9a4e1b9e7c0a,unsure.top,available,1.88,4.88,medium,low,6,namesilo,,,22/08/2026 01:08
a91ca694-3f7b-41dd-afcd-cabe8059b9b0,stitched.top,available,1.88,4.88,high,low,8,namesilo,,,10/09/2026 05:09
055be7c4-c48e-44f2-b348-15791e61851e,piping.top,premium,72.84,72.84,medium,low,6,namesilo,,,10/09/2026 19:43
237a8fe1-be24-4c51-9549-dc0a7d9b477a,galax.top,premium,49.14,49.14,medium,low,5,namesilo,,,23/09/2026 01:54
b66f37d6-6011-422b-a0af-6295bc3a6980,include.top,premium,91.9,,high,low,7,name.com,,,
ff520ba1-8c8c-43e0-b896-7c34d5ae6496,todd.top,premium,49.14,49.14,high,low,4,namesilo,,,25/09/2026 09:07
5c1c0c15-5ca4-43d3-96b8-56a5654ee698,quintet.top,available,1.88,4.88,high,low,7,namesilo,,,
45499906-cae6-4fff-92f8-77981271571e,repeatable.top,available,1.88,4.88,medium,low,10,namesilo,,,09/09/2026 09:08
8e4e2ecb-c85a-4b41-8998-9c35273043c5,rhiannon.top,available,1.88,4.88,high,low,8,namesilo,,,
6abcd259-2504-41e4-b3c0-dbdf283f7df5,flummox.top,available,1.88,4.88,medium,low,7,namesilo,,,21/09/2026 17:31
6e0f16d2-d792-416d-8130-ca2bc0b72c53,supervised.top,available,1.88,4.88,high,low,10,namesilo,,,11/09/2026 02:26
58003f8d-4eaf-4aca-b6a6-9b0e12aad1a3,rafts.top,available,1.88,4.88,high,low,5,namesilo,,,14/09/2026 23:26
caefcd77-d095-4083-a74a-c3afa6c2adba,prolix.top,available,1.88,4.88,medium,low,6,namesilo,,,09/09/2026 03:04
c2744d5b-d4eb-43d1-85d6-d936504ee6e6,breasted.top,available,1.88,4.88,medium,low,8,namesilo,,,11/08/2026 03:12
b2ef6945-9533-4d3f-bcd8-234e297d5ca3,floyd.top,premium,96.82,96.82,high,low,5,namecheap,,,25/09/2026 19:20
e222ab09-9ab7-4e17-960d-4c734a5f0a78,coffee.top,resell,,,high,medium,6,阿里云计算有限公司,12/12/2017 08:16,12/12/2027 08:16,26/09/2026 05:06
91d1961f-17c1-4d8e-a13d-6e7fa9ee1663,hither.top,available,1.88,4.88,medium,low,6,namesilo,,,15/09/2026 00:48
9ec24174-b351-44a2-aa00-0cd4257093e5,attar.top,premium,58.23,58.23,medium,low,5,namecheap,,,20/09/2026 19:21
55efce86-82ec-494a-84f2-031995e74b83,toilet.top,premium,54.45,54.45,high,low,6,namesilo,,,
52120433-3ad6-4ab3-a83c-cb96e459298c,beats.top,premium,58.21,58.21,high,high,5,namecheap,,,22/09/2026 21:32
fb8b544d-95ad-4368-9e9a-ff4214b84faf,astor.top,premium,49.14,49.14,high,low,5,namesilo,,,20/09/2026 17:29
da2213b6-3caf-4fb9-b81c-c9dd373cbf39,reflexed.top,available,1.88,4.88,high,medium,8,namesilo,,,09/09/2026 12:41
7d3e0c35-3639-4b7c-a4f5-23fa343e3121,stating.top,available,1.88,4.88,high,low,7,namesilo,,,25/09/2026 14:20
435394cd-44ab-4e2a-9fad-bf263a062169,thin.top,premium,82.59,82.59,high,low,4,namesilo,,,14/08/2026 07:47
f8a5e9fd-9073-4578-b7f3-18cccab5083c,attack.top,premium,7769.03,4.26,high,low,6,namesilo,,,23/09/2026 17:14
3f7fbaf3-6564-4d46-a7a7-f4381cc7b3a5,talks.top,premium,54.45,54.45,high,low,5,namesilo,,,
259b0b0a-0043-481f-897f-3a240e3b0af0,expository.top,available,1.88,4.88,medium,low,10,namesilo,,,17/08/2026 18:39
a3a5f0dc-601d-40be-9ccd-714cec01a67a,designer.top,resell,,,high,low,8,成都西维数码科技有限公司,08/04/2017 22:27,08/04/2027 22:27,26/09/2026 05:30
7446032a-3117-4aaa-b1b8-301d635e8c16,bewitching.top,available,2.98,6.98,medium,low,10,namecheap,,,09/08/2026 18:19
1a24f56d-da25-40b8-b8cf-9a787de8364d,courage.top,premium,371.15,,high,low,7,name.com,,,
5b1279c8-34f3-47ae-abff-0b88a577074c,dawdling.top,available,1.88,4.88,medium,low,8,namesilo,,,11/09/2026 19:40
0c12c83b-f439-4dae-9b93-4f60a5ce2540,sheared.top,available,1.88,4.88,high,medium,7,namesilo,,,10/09/2026 06:10
15fbe775-8013-4c43-ab78-b0a9870238bc,gilt.top,premium,49.14,49.14,high,low,4,namesilo,,,18/08/2026 23:34
35d04b84-cabc-466f-9fda-3b08d16cfa1d,pulmonic.top,available,1.88,4.88,high,medium,8,namesilo,,,09/09/2026 05:55
4ff198a6-8707-4fcf-8953-7f6c782dbb16,leprous.top,available,1.88,4.88,medium,low,7,namesilo,,,23/08/2026 00:12
840ef0c1-9bff-4e74-9a5c-eff9602736b4,upstairs.top,premium,54.45,54.45,high,low,8,namesilo,,,
49d99644-6c09-4b4e-9dca-8add5ef4adb1,balm.top,premium,49.14,49.14,high,low,4,namesilo,,,21/09/2026 23:35
ec2cff5b-f396-4b55-8cc5-41ac9f382d93,autocracy.top,available,1.88,4.88,medium,low,9,namesilo,,,21/09/2026 06:08
924ec212-df40-4f51-90e5-61db34cedf2e,unoccupied.top,available,1.88,4.88,medium,low,10,namesilo,,,12/09/2026 16:09
825bbc74-9c84-4f2d-bb34-dd5d6088e7e7,commons.top,resell,,,high,low,7,Dynadot LLC,08/09/2026 18:14,08/09/2027 18:14,26/09/2026 05:08
93afcaab-7525-443c-91aa-9ee3cecf3e5c,indulging.top,available,1.88,4.88,high,low,9,namesilo,,,05/09/2026 00:26
d114b099-c5eb-4e34-843c-6178fcffc3e6,jelled.top,available,2.98,6.98,medium,low,6,namecheap,,,12/08/2026 21:27
addfaa5f-be4f-4f0f-929f-be6765e84d52,unwonted.top,available,1.88,4.88,low,low,8,namesilo,,,12/09/2026 22:48
548c94a1-5f4b-4d0a-9a78-87b111f6ec8a,whiner.top,available,1.88,4.88,medium,low,6,namesilo,,,23/09/2026 06:44
5e70c3b4-0e62-4463-abf4-fbdd9b633b79,furnishings.top,available,2.98,6.98,high,low,11,namecheap,,,16/09/2026 18:36
b1bbdb49-7fd3-4498-a6c0-af085dd620d3,prentice.top,available,1.88,4.88,medium,low,8,namesilo,,,19/09/2026 22:19
ca362236-0eaf-4a7d-9fa4-89c079329ec7,flickering.top,available,1.88,4.88,high,low,10,namesilo,,,
6b6860a5-bba1-490e-ac39-e94425a5c5b8,arame.top,available,1.88,4.88,medium,low,5,namesilo,,,19/09/2026 23:56
6182993e-6559-4640-bbe3-3306ca919552,quarters.top,available,1.88,4.88,high,low,8,namesilo,,,
4fb491bf-3a58-4f55-892a-eb02ea561f2a,catechu.top,available,2.98,6.98,medium,low,7,namecheap,,,16/09/2026 20:04
5126ca0a-2755-4691-89ab-76cc3a1828ff,dipylon.top,available,1.88,4.88,medium,low,7,namesilo,,,14/08/2026 08:43
13ee65f2-24c8-4c72-8dc0-b981f97fc36b,maladroit.top,available,1.88,4.88,medium,low,9,namesilo,,,24/08/2026 13:35
85dd9550-e885-4d10-b1f5-2caf39f43823,meade.top,premium,49.14,49.14,high,low,5,namesilo,,,27/09/2026 04:12
dac1ecc8-e140-4e38-ab2f-a5ff3a4809d1,alderman.top,available,1.88,4.88,medium,low,8,namesilo,,,18/09/2026 04:34
b02fbe11-c5a8-4594-82ea-88945eaa9313,marsupial.top,available,1.88,4.88,high,low,9,namesilo,,,24/08/2026 16:32
f402f038-6bc7-484b-ac29-f758c14db9c2,semitropic.top,available,1.88,4.88,medium,low,10,namesilo,,,10/09/2026 03:36
55fc563a-b823-4779-b24d-3da4a590012b,taipei.top,premium,81.99,,high,low,6,name.com,,,
3f9ddec5-fd72-43aa-8334-e464076567a4,herewith.top,available,1.88,4.88,medium,low,8,namesilo,,,15/09/2026 00:27
2c5aca49-96d6-442b-92c7-af17d60caca4,bane.top,premium,85.23,85.23,medium,low,4,namesilo,,,22/09/2026 01:39
464a49a6-b929-4f85-923e-3020bb206546,amelia.top,premium,58.23,58.23,high,low,6,namecheap,,,18/09/2026 18:15
6b50c912-217f-43cd-94da-477f634ab091,jillion.top,available,2.98,6.98,medium,low,7,namecheap,,,11/09/2026 19:52
2343f6cb-519e-4380-99ae-bf750d9d5470,industry.top,premium,10503.7,4.26,high,medium,8,namesilo,,,23/09/2026 16:53
3eebd6c9-49f5-44dc-b04f-671bb97a7143,galactic.top,resell,,,high,low,8,Dynadot LLC,29/08/2020 07:29,29/08/2027 07:29,26/09/2026 06:18
f14270a8-0f54-4fee-b0d6-5c077421f9d5,objectively.top,available,1.88,4.88,high,low,11,namesilo,,,
ddf598e9-d83c-4580-bd27-a0d0ad0664d4,belittling.top,available,1.88,4.88,medium,low,10,namesilo,,,09/08/2026 13:10
aa530325-f296-4028-aa32-1ee90806d241,bionomics.top,available,1.88,4.88,medium,low,9,namesilo,,,23/09/2026 18:43
6ce8d30c-411f-4b8d-b6bc-04dfff8f6da1,annona.top,available,1.88,4.88,medium,low,6,namesilo,,,19/09/2026 10:30
80196e8f-68a9-48af-b1a8-32dc3ed33db8,agon.top,premium,58.15,58.15,high,low,4,namecheap,,,17/09/2026 18:51
cdcb455d-1b41-4c86-9a5c-b0bae7f927c7,wand.top,premium,49.14,49.14,high,low,4,namesilo,,,22/09/2026 14:13
847abe7e-9d2e-48fc-8ecd-c6cd52c81ecb,films.top,premium,58.96,58.96,high,low,5,namesilo,,,25/09/2026 17:41
fef14433-14d9-4a4f-a772-8fdf140bfeb8,harper.top,premium,49.14,49.14,high,low,6,namesilo,,,25/09/2026 06:58
7d87b58e-6622-498e-80cd-9a16a2089301,communal.top,available,2.98,6.98,high,low,8,namecheap,,,23/09/2026 16:10
7a549ec5-a1c5-4557-9d75-316c205db8f8,basel.top,premium,49.14,49.14,high,medium,5,namesilo,,,22/09/2026 10:13
5eeb9043-d837-4e65-8871-e3df3965f11d,corded.top,available,1.88,4.88,medium,low,6,namesilo,,,13/08/2026 00:57
f935c68b-a733-4555-8418-f39d6e441c63,sliced.top,available,1.88,4.88,high,low,6,namesilo,,,23/09/2026 14:26
b81b3ddc-69ea-46ea-b9e7-da438fd9b994,denude.top,available,1.88,4.88,medium,low,6,namesilo,,,14/08/2026 02:02
a4771301-c98c-4d2b-bd58-d970de1a35a1,dishwasher.top,resell,,,high,low,10,"Spaceship, Inc.",14/09/2026 19:52,14/09/2027 19:52,26/09/2026 05:35
c9dd2057-55f3-4d2a-8495-0b41dbc9d4a0,antigua.top,premium,58.23,58.23,high,low,7,namecheap,,,19/09/2026 14:32
25e78543-29a7-43b0-ad33-65416b4ecac8,tumid.top,available,2.98,6.98,medium,low,5,namecheap,,,10/08/2026 18:05
d2306b97-fe1b-44fe-ae43-3de56e4d2eb6,afterbirth.top,available,1.88,4.88,medium,low,10,namesilo,,,17/09/2026 15:34
255e37e1-173c-43bb-a572-dccf1b680b24,asbestosis.top,available,1.88,4.88,medium,low,10,namesilo,,,20/09/2026 12:56
e7f0ced3-3ea5-4639-8e6a-d0c17551ce67,nothing.top,premium,3927.17,5.03,high,low,7,namecheap,,,25/09/2026 23:27
9e6b4e5f-6252-4486-9b6b-c1e2cfc14afe,subway.top,premium,49.14,49.14,high,low,6,namesilo,,,25/09/2026 23:41
8640dbe9-26f7-44c9-a738-d0405542c055,eristic.top,available,1.88,4.88,medium,low,7,namesilo,,,17/08/2026 12:17
c3bc4972-5916-4491-9124-ec2d836e137e,clawed.top,available,1.88,4.88,medium,low,6,namesilo,,,12/08/2026 10:02
d6b5688a-8615-4d51-bd7a-6c13a8b01e2c,sufficient.top,available,1.88,4.88,high,low,10,namesilo,,,
6eef2a06-02c8-492a-98b4-66e5b7fc6798,powers.top,premium,18.15,18.15,high,low,6,namesilo,,,
5c57921a-83cb-49ad-8dda-d316534f6a3f,turkmen.top,available,2.98,6.98,medium,low,7,namecheap,,,11/09/2026 21:19
07525dbb-825f-4855-ab83-4f5f83df00ad,before.top,premium,97.08,97.08,high,low,6,namecheap,,,21/09/2026 23:34
84b1a016-6c08-4f86-83f3-7448b8ad5a55,texan.top,premium,49.14,49.14,high,low,5,namesilo,,,11/09/2026 12:15
2e8cc788-cea4-400a-b022-2b8676726b9f,libidinous.top,available,2.98,6.98,medium,low,10,namecheap,,,22/08/2026 20:09
d3b0f553-f500-4c95-a939-b68dc6ac27b4,propelling.top,available,1.88,4.88,high,low,10,namesilo,,,09/09/2026 03:30
6ab7b43e-1056-43b0-a1c4-08db529381be,trap.top,premium,710.66,710.66,high,low,4,namesilo,,,25/09/2026 15:44
394beb7a-1757-49f0-802d-12b3ccd1d063,whitener.top,available,1.88,4.88,medium,low,8,namesilo,,,24/09/2026 03:50
c8bb2290-0037-489c-a457-d04c6fe3620b,aerate.top,available,2.98,6.98,high,low,6,namecheap,,,17/09/2026 21:35
2bb42241-2a52-48b0-aa19-b555ef1f0b00,foregone.top,available,1.88,4.88,medium,low,8,namesilo,,,11/08/2026 12:10
906d85df-f748-4e34-aaa8-3733ee27ebf6,allophone.top,available,1.88,4.88,medium,low,9,namesilo,,,18/09/2026 12:02
461b9cf0-071e-429f-b1ca-314aba3ef794,search.top,premium,10077.55,,high,medium,6,name.com,,,
8c872276-d92e-48aa-86de-3e24ba36d48b,unhearing.top,available,14.99,14.99,medium,low,9,name.com,,,13/08/2026 19:50
c710abb6-a06c-4a9b-ae25-3cecfb6c27bb,organs.top,available,1.88,4.88,high,low,6,namesilo,,,
01879a69-f297-4da0-b3aa-ba67e86679ae,baldrick.top,available,1.88,4.88,medium,low,8,namesilo,,,21/09/2026 21:46
af71a740-13dd-4155-82a6-3c5f599354d6,aiken.top,premium,130.44,130.44,high,low,5,namecheap,,,17/09/2026 21:01
5e093306-0253-496d-b6d2-2418902792f5,amaterasu.top,available,1.88,4.88,medium,low,9,namesilo,,,18/09/2026 16:05
579264e7-d90a-4c1d-a56a-2241460ec440,sean.top,premium,85.06,85.06,high,low,4,namesilo,,,25/09/2026 11:36
de98be9b-1c99-4ee5-ab92-892cf2774b82,what.top,premium,735.22,,high,low,4,name.com,,,
5675443a-92da-4fb8-bbe2-af2d0773ad4c,courses.top,resell,,,high,low,7,厦门市中资源网络服务有限公司,03/12/2014 07:32,03/12/2028 07:32,26/09/2026 05:17
c271b0a2-2993-42c1-b5bc-a99e8e3955d1,sits.top,resell,,,medium,low,4,Dynadot LLC,19/05/2026 00:53,19/05/2027 00:53,26/09/2026 09:03
301d6648-78d1-41db-88e5-167db606e00a,fund.top,resell,,,high,low,4,阿里云计算有限公司,08/01/2015 07:14,08/01/2030 07:14,26/09/2026 06:17
3d09a567-395f-45be-9c3a-449c839ee907,celebration.top,resell,,,high,low,11,,,,27/09/2026 02:20
24db8e7e-d768-4a77-853a-494d9575c643,important.top,premium,82.59,82.59,high,low,9,namesilo,,,22/09/2026 13:54
035d80ba-ff16-4388-a841-0cd86323e5fe,consort.top,available,1.88,4.88,medium,low,7,namesilo,,,16/09/2026 22:56
93a416be-e042-44ad-b4ab-cf1eb46bd129,tigerish.top,available,1.88,4.88,medium,low,8,namesilo,,,11/09/2026 15:51
5a3ed168-7e28-4bee-91ce-10f373ab379f,parenting.top,available,6.98,,high,low,9,namecheap,,,
1bca960e-8cee-42f9-a64f-b65f89f39ef6,vicious.top,available,,,medium,low,7,,,,
d6288ea4-5914-4f60-bbf5-74e135cb4aa1,friends.top,resell,,,high,medium,7,West263 International Limited,31/01/2016 18:02,31/01/2027 18:02,26/09/2026 06:15
aee0398d-08b4-4253-b0c1-116f70568812,albinism.top,available,1.88,4.88,medium,low,8,namesilo,,,18/09/2026 02:54
d9962218-4d0c-4961-88d4-9b8a0108d492,moscow.top,premium,54.45,54.45,high,low,6,namesilo,,,
d7474059-e899-4d14-9aac-656b9c2d6384,colossus.top,premium,49.14,49.14,high,low,8,namesilo,,,23/09/2026 03:27
e5b76333-8b2d-4fb0-a9d3-5cfb03388bc5,pampering.top,available,1.88,4.88,high,low,9,namesilo,,,05/09/2026 00:29
249c3514-bea0-4088-bd5d-4fe4ef723e6d,prudently.top,available,1.88,4.88,medium,low,9,namesilo,,,15/09/2026 21:50
9903fd0b-fa67-4bef-b219-a00b95e83065,iaa.top,premium,74.33,74.33,medium,low,3,namesilo,,,17/09/2026 07:22
8e7785be-47f4-4f86-b662-6f677bf2bd6d,peritoneal.top,available,1.88,4.88,medium,low,10,namesilo,,,08/09/2026 17:25
5dd587dc-6479-412f-bbc3-90a8ca2b3f74,jacques.top,available,1.88,4.88,high,low,7,namesilo,,,25/09/2026 13:47
ce83ed9a-8f20-43b9-ae9a-0f66f2289b31,knotty.top,available,1.88,4.88,medium,low,6,namesilo,,,08/08/2026 08:12
e3914cf9-49c6-4f68-a3bd-fbc3987a9ef4,numberless.top,available,1.88,4.88,high,low,10,namesilo,,,13/08/2026 03:42
51ba9a0e-16ab-441e-8877-5d7c47d6d1c3,gorki.top,available,1.88,4.88,medium,low,5,namesilo,,,18/09/2026 05:08
5bb6abc0-4372-4e16-91c6-de05e67765e0,bismark.top,available,2.98,6.98,medium,low,7,namecheap,,,23/09/2026 09:37
6c085c33-21e6-4a73-98ca-0562a4a249d7,employ.top,premium,7769.03,4.26,high,low,6,namesilo,,,08/09/2026 13:39
2a9c4df4-50ef-46d6-8aa5-bc3672e6b5e3,voluble.top,available,1.88,4.88,medium,low,7,namesilo,,,13/09/2026 06:59
60d0c3d2-1dc2-4090-8ad7-adbdb85a3d4b,aunt.top,premium,9899.93,,high,low,4,name.com,,,
84eb863d-8e25-4ec3-b953-89f266b7d399,roundly.top,available,1.88,4.88,medium,low,7,namesilo,,,14/09/2026 00:45
84fe4087-6c58-45a4-b7e1-905976498963,saddening.top,available,1.88,4.88,medium,low,9,namesilo,,,
96c0e2ab-ed58-4caf-b519-667874220461,kgb.top,premium,220.34,,high,low,3,name.com,,,
646b5861-c872-4674-ae9d-7a46fe9dfd08,could.top,premium,372.75,,high,low,5,name.com,,,
4bdc213a-d663-422b-b376-3eb82c5bbed2,beneficent.top,available,1.88,4.88,medium,low,10,namesilo,,,09/08/2026 14:22
0d74ca71-d3d3-44bc-b84d-c0b91e2d808f,adams.top,premium,58.15,58.15,high,low,5,namecheap,,,17/09/2026 06:17
a21af963-34eb-4321-9c95-9c2e1619b885,scrape.top,premium,290.73,290.73,high,low,6,namecheap,,,16/09/2026 16:59
f8a2fd6a-9e47-48d2-af5b-3663308bc772,betatron.top,available,1.88,4.88,medium,low,8,namesilo,,,23/09/2026 11:04
68740cee-7016-4313-a0fe-1643ca299b62,backbiter.top,available,1.88,4.88,medium,low,9,namesilo,,,21/09/2026 15:08
75498ffb-e6e5-455b-bbb3-996fdf97c6a6,fosamax.top,available,1.88,4.88,medium,low,7,namesilo,,,18/09/2026 05:11
82ead231-294e-4fd4-8349-b6695ceae08e,zilch.top,available,1.88,4.88,medium,low,5,namesilo,,,03/09/2026 22:42
b5364890-f7b8-4619-a6cc-efa5c0451031,laputan.top,available,1.88,4.88,medium,low,7,namesilo,,,22/08/2026 19:49
cc9218f2-bcca-40cb-8cff-3c57d7b9276c,anthurium.top,available,1.88,4.88,high,low,9,namesilo,,,19/09/2026 13:58
7cb7ce98-c3b1-4427-92d4-f0314342415f,obstructed.top,available,1.88,4.88,medium,low,10,namesilo,,,04/09/2026 00:05
709a2d24-effc-4073-a994-386aa0a0cf3b,interlaced.top,available,1.88,4.88,medium,low,10,namesilo,,,22/08/2026 08:04
57725f06-c81e-44e9-b073-0eb6aea25574,hefty.top,premium,49.14,49.14,medium,low,5,namesilo,,,11/08/2026 02:48
c68708ee-f15f-4c54-a7cf-107d6f50c08f,slushy.top,available,1.88,4.88,medium,low,6,namesilo,,,09/08/2026 01:25
1fc49389-e29f-456b-9d08-ba265de214f7,capricious.top,available,2.98,6.98,medium,low,10,namecheap,,,11/08/2026 18:04
5f9e678c-7d60-47f4-8228-598f9ba0a46b,altitude.top,premium,49.14,49.14,high,low,8,namesilo,,,18/09/2026 14:29
17ea1b17-d9c9-43ba-8b83-3c854c61a08a,pain.top,premium,275.51,,high,low,4,name.com,,,
988e552f-b0e9-4b88-a996-fc5f7232de8f,diminishing.top,available,6.98,,high,low,11,namecheap,,,
e1d29de1-0ea9-469f-bca9-fd313cc7f2e5,analogue.top,available,1.88,4.88,high,low,8,namesilo,,,
a9e99390-9b10-428c-961b-791cf4b3b249,adsorption.top,available,1.88,4.88,medium,low,10,namesilo,,,17/09/2026 10:05
70e6e5e6-cf56-4145-ba4d-4f058e3777bc,jump.top,premium,710.66,710.66,high,low,4,namesilo,,,22/09/2026 02:34
745b11cb-506c-45b4-8a05-bd722f3b9e57,astuteness.top,available,2.98,6.98,medium,low,10,namecheap,,,20/09/2026 18:21
5d303e32-4b80-4adf-8588-b3f7a6b89c22,matte.top,premium,49.14,49.14,high,low,5,namesilo,,,25/09/2026 17:39
36909b1a-0209-444c-9c41-e8b69363455d,affirmed.top,available,1.88,4.88,high,low,8,namesilo,,,17/09/2026 14:27
051539af-f3f0-40e6-89c5-b8fc8420d278,abstract.top,resell,,,high,low,8,Dynadot LLC,02/05/2025 18:03,02/05/2027 18:03,26/09/2026 01:19
4146da74-3ae1-45b1-bc47-2989afdbd954,bennington.top,available,1.88,4.88,high,low,10,namesilo,,,23/09/2026 08:33
abdb2baa-a798-4752-97a8-e4cbc5488377,rakes.top,available,1.88,4.88,medium,low,5,namesilo,,,20/09/2026 22:29
10a099e1-2c67-49b2-9d14-cfc3e5a50ac2,autoerotic.top,available,2.98,6.98,medium,low,10,namecheap,,,07/08/2026 20:01
79304f45-5d16-4b46-a7f0-bb4bf8c03405,squalls.top,available,1.88,4.88,low,low,7,namesilo,,,20/09/2026 14:16
6dc151db-1e61-411e-9f09-1e9d75255393,caught.top,available,,,high,low,6,,,,
45168302-0a05-46b4-b88f-c537821b968d,unmediated.top,available,1.88,4.88,medium,low,10,namesilo,,,12/09/2026 15:32
c2b4e340-5e31-487e-a594-fa75c9a93bb6,flat.top,premium,291.15,291.15,high,low,4,namecheap,,,21/09/2026 12:19
74027eb9-b222-41d0-b036-c034c1b50729,crown.top,premium,7769.03,4.26,high,medium,5,namesilo,,,24/09/2026 19:47
0224a928-1c68-4b62-938d-166b929f07e1,grazed.top,available,2.98,6.98,medium,low,6,namecheap,,,20/08/2026 19:29
85331bc0-6392-491f-8309-7dd900484e2f,benzine.top,available,1.88,4.88,medium,low,7,namesilo,,,23/09/2026 08:53
26fb449a-7c29-4a69-8c05-0e9a3bca7b73,taal.top,available,,,medium,low,4,,,,
1ff672ab-c837-4662-8702-4ed8cd350d4d,antifungal.top,available,2.98,6.98,medium,low,10,namecheap,,,
5941003a-d2cb-4f42-91dd-f201efc621ec,anshar.top,available,1.88,4.88,medium,low,6,namesilo,,,19/09/2026 12:12
0dccd4c6-4c88-4099-8f43-52654c2406b0,unwelcome.top,available,1.88,4.88,medium,low,9,namesilo,,,12/09/2026 22:38
016b1189-4fe8-427e-81b4-1c69fd7cf56d,disgrace.top,available,1.88,4.88,high,low,8,namesilo,,,
f0de5bc0-cf02-4372-b905-d05563ab0a45,sucked.top,available,1.88,4.88,medium,low,6,namesilo,,,18/09/2026 04:29
e488c9e8-896c-40dc-af82-233e4bfb39d9,apse.top,premium,58.23,58.23,high,low,4,namecheap,,,19/09/2026 22:33
a36e22a8-ce09-4bec-908b-b96cd28f6bf7,doula.top,premium,101.95,101.95,high,low,5,namecheap,,,23/09/2026 21:09
801ee5f3-b1f7-4d1f-8201-02f1bafb7724,strident.top,available,1.88,4.88,medium,low,8,namesilo,,,12/08/2026 09:19
eee86560-956f-4bf5-9d10-a623be28f82d,loyalist.top,available,1.88,4.88,high,low,8,namesilo,,,10/09/2026 18:31
49c3ebbf-e00d-4f84-ae1a-844a957b3837,notify.top,premium,54.45,54.45,high,low,6,namesilo,,,
e720db71-a0b9-4829-b475-684cc75f4013,package.top,premium,266.5,266.5,high,low,7,namesilo,,,24/09/2026 07:42
a37e1dff-4b44-4a2e-bcc0-d9a5aa6d357c,campbell.top,premium,58.15,58.15,high,low,8,namecheap,,,24/09/2026 11:53
5e86cbdb-00ff-4bd8-9264-83bdd7f75793,fractions.top,available,1.88,4.88,medium,low,9,namesilo,,,20/09/2026 01:27
352264de-0a51-4fa5-8ed5-c19a971a081e,orbicular.top,available,1.88,4.88,medium,low,9,namesilo,,,08/08/2026 10:11
3c09a0e2-fc43-498c-aa54-0833bdbed150,laugh.top,premium,744.35,,high,low,5,name.com,,,
e9543e76-3b70-4a45-a0d6-255d9c86a3e3,somesing.top,available,6.98,,medium,low,8,namecheap,,,
5ace7c58-e86c-4749-82e1-80c4ae5e52ff,piddle.top,available,1.88,4.88,low,low,6,namesilo,,,13/09/2026 08:06
ac15fdc7-80c0-43b7-88bb-d2bcb9a772c1,beaded.top,available,1.88,4.88,medium,low,6,namesilo,,,09/08/2026 03:18
b678dcc4-ef6f-4143-8477-1a82fd946623,invitation.top,resell,,,high,low,10,Edomains LLC,15/01/2026 06:04,15/01/2027 06:04,26/09/2026 06:57
a94d7a32-c86e-451f-89e3-7b95ed3007fa,adjuvant.top,available,1.88,4.88,high,low,8,namesilo,,,
ef04e3bf-b912-41bc-8174-575b17b72834,acicular.top,available,1.88,4.88,medium,low,8,namesilo,,,
c47608f5-9b31-4d1b-85ce-23e9ab445c39,prow.top,premium,49.14,49.14,medium,low,4,namesilo,,,18/08/2026 11:28
653d467b-550b-43e4-b7fc-76fa1e12bd20,moon.top,premium,735.09,,high,medium,4,name.com,,,
2eca2e61-a47d-4d59-86f4-708fde02d002,blastocyst.top,available,1.88,4.88,medium,low,10,namesilo,,,24/09/2026 04:28
177ff4ac-612d-4361-b8d8-3afca4ac3ac0,eolian.top,available,1.88,4.88,medium,low,6,namesilo,,,
98d9f0f9-7f4e-4feb-825e-da09b4344ccf,fence.top,premium,550.56,,high,low,5,name.com,,,
71b151cb-78e2-410a-9781-e5545f0999af,masonic.top,available,1.88,4.88,high,low,7,namesilo,,,25/09/2026 11:55
59f03693-e40d-4116-a024-9b6d2e482a33,flaming.top,available,1.88,4.88,high,low,7,namesilo,,,18/08/2026 06:30
ab4dd89b-077f-488d-9d84-29d19a8ddfcd,falsely.top,available,1.88,4.88,medium,low,7,namesilo,,,14/09/2026 17:35
31e4a61c-52aa-44f7-bde9-8e6ea0425ace,glide.top,premium,49.14,49.14,high,medium,5,namesilo,,,19/09/2026 16:45
4a2c49a6-8a78-4ae6-83ac-071a2b9ef902,stoppers.top,available,2.98,6.98,medium,low,8,namecheap,,,20/09/2026 12:45
029fa6c7-c58f-43b7-88c4-553bc6d785e6,chetah.top,available,1.88,4.88,medium,low,6,namesilo,,,17/09/2026 01:35
20ee08dc-62b8-4857-9aae-7416e1f48aea,rice.top,premium,734.04,,high,low,4,name.com,,,
b1fe1bf3-61ad-46d6-af57-a497e1f6dfc9,oppressive.top,available,1.88,4.88,medium,low,10,namesilo,,,04/09/2026 16:52
9f276d04-24fd-44d6-b30e-41c896ec8bcc,audile.top,available,1.88,4.88,medium,low,6,namesilo,,,07/08/2026 16:40
b0a9f04d-cd7f-4b8f-9b66-fcf234d959e4,scientific.top,premium,82.59,82.59,high,low,10,namesilo,,,25/09/2026 22:34
8682afe1-4b03-4610-85c9-97a0ad58be07,maps.top,premium,177.66,177.66,high,low,4,namesilo,,,
bf3ea8c2-0071-4c5e-ba31-27f8a084cc95,vanity.top,resell,,,high,low,6,"Spaceship, Inc.",26/06/2020 18:10,26/06/2027 18:10,26/09/2026 09:56
81761ef1-05a1-44d1-a217-4bd7a1ab1c07,scouser.top,available,1.88,4.88,medium,low,7,namesilo,,,24/08/2026 08:11
6e45353a-1593-442b-893e-4bcadab5b36a,unnumbered.top,available,1.88,4.88,high,low,10,namesilo,,,13/08/2026 03:46
76db3be5-189e-40b8-bfb0-d2339c937cae,sol.top,premium,3884.51,4.26,high,medium,3,namesilo,,,16/09/2026 03:33
53152be3-d913-4b65-8d87-06eb9208c680,receptive.top,available,1.88,4.88,high,low,9,namesilo,,,09/09/2026 11:23
4d2abf2f-f138-4554-a9d8-a0c039392d8c,transverse.top,available,1.88,4.88,high,low,10,namesilo,,,13/08/2026 07:54
480ffa25-4022-45ea-8d7c-5d4526522077,gregarious.top,available,1.88,4.88,high,low,10,namesilo,,,20/08/2026 19:56
5a7fbca6-2f46-4505-b6f1-57a18aff37b6,elderberry.top,available,1.88,4.88,high,low,10,namesilo,,,24/09/2026 00:39
8dc7248b-7c27-47a5-87ae-dc8ce0467d13,overgrown.top,available,1.88,4.88,medium,low,9,namesilo,,,04/09/2026 20:42
855fb5ee-2a80-4515-8c76-78ffac45c8a5,anaphase.top,available,1.88,4.88,medium,low,8,namesilo,,,19/09/2026 02:09
0437689f-ce87-469c-bcfd-9f57b3f60e12,satiny.top,available,2.98,6.98,medium,low,6,namecheap,,,09/09/2026 21:41
c6587a0e-b2b2-4fd2-8d4e-5cc3436323a6,decorated.top,available,1.88,4.88,high,low,9,namesilo,,,21/09/2026 19:45
638b7b47-5e95-470b-b312-787eb18106bc,rage.top,premium,54.9,,high,low,4,name.com,,,
a64d2c5f-249b-46db-961b-ad0c3be3d8d3,microbar.top,available,14.99,14.99,medium,low,8,name.com,,,22/09/2026 03:48
79265d86-3fe9-4577-8058-22aadaa45383,boy.top,premium,14845.82,,high,low,3,name.com,,,
420dd8d9-47e0-4362-a39d-3a6cf4be83d9,deal.top,premium,776.39,776.39,high,low,4,namecheap,,,19/09/2026 16:06
a3001ea1-f161-4d16-a81e-ca3e855ea02d,cops.top,premium,97.05,97.05,high,low,4,namecheap,,,18/09/2026 22:05
e4cdc59b-a213-4f9e-9dba-17a0d6826f71,ranging.top,available,1.88,4.88,high,medium,7,namesilo,,,09/09/2026 10:16
3f50b12e-54a6-491b-b8e2-1e90b8fccea4,burns.top,premium,49.14,49.14,medium,low,5,namesilo,,,25/09/2026 03:46
3cc25ae8-cc2f-4bdb-9a69-6380d54f79aa,blunted.top,available,1.88,4.88,medium,low,7,namesilo,,,10/08/2026 16:17
61c1d620-1166-4d6c-8995-c642fc5db51d,used.top,premium,49.14,49.14,high,low,4,namesilo,,,25/09/2026 07:44
8bbec08d-7732-42db-835b-62e4a122beb0,starkly.top,available,1.88,4.88,medium,low,7,namesilo,,,16/09/2026 06:57
17fd7445-c313-49e7-a951-098e9264233b,seventies.top,available,1.88,4.88,high,low,9,namesilo,,,16/09/2026 12:13
a1ab9034-e419-4866-acfd-b845d1f02dc7,france.top,available,,,high,high,6,,,,
2873d31a-5296-4068-ad65-894903fb350a,mcmuffin.top,available,6.98,,high,low,8,namecheap,,,
895e4bb4-c225-45e8-8243-1e772151bfb3,gelatinous.top,available,2.98,6.98,medium,low,10,namecheap,,,18/08/2026 21:01
afd151b3-202a-495f-9306-507527604dac,punctual.top,available,1.88,4.88,high,medium,8,namesilo,,,09/09/2026 05:58
60e25e89-c73b-4983-8959-ee5b271a8e75,fever.top,premium,275.29,,high,low,5,name.com,,,
f32a224b-de05-4b6f-8795-f9bb6510204f,mockingly.top,available,1.88,4.88,low,low,9,namesilo,,,14/09/2026 12:02
f98a7333-732e-4457-a7bb-006b541fa085,garage.top,premium,7443.53,,high,low,6,name.com,,,
9b415e04-f735-431d-9848-5d0c80259b4e,bell.top,premium,9900,,high,low,4,name.com,,,
f1b297e3-9709-4b0a-aa7c-7009c18c8505,fellow.top,premium,7769.03,4.26,high,low,6,namesilo,,,22/09/2026 21:55
a408ad11-6518-44c3-9174-aab327f162b8,ravaging.top,available,1.88,4.88,high,medium,8,namesilo,,,09/09/2026 10:39
d8f45c59-0208-47bc-aece-fd9acaf499df,sammy.top,premium,16.38,16.38,high,low,5,namesilo,,,26/09/2026 03:25
9f0b0374-db2b-4382-8167-a7009f2c0537,relationships.top,available,2.98,6.98,medium,low,13,namecheap,,,17/09/2026 20:15
92555c1b-7d67-4a18-b8cd-de92b3b518e6,manzoni.top,available,2.98,6.98,high,low,7,namecheap,,,18/09/2026 05:31
1d0d667a-2b11-4081-a661-6cd35388e68c,supplies.top,resell,,,medium,low,8,烟台帝思普网络科技有限公司,13/04/2020 18:03,13/04/2027 18:03,26/09/2026 09:25
3afc03c3-7bf7-4fe4-8e61-56672b38850c,extraordinary.top,premium,91.9,,high,low,13,name.com,,,
197e360b-6a31-4736-9d32-67c19f6c8045,bump.top,premium,54.45,54.45,high,low,4,namesilo,,,
01438aa2-973e-444f-b0be-6c0c7f4885ce,abator.top,available,1.88,4.88,medium,low,6,namesilo,,,16/09/2026 14:13
3d5f0bc8-0a2c-4ef9-be97-ed3abbe67590,seasonable.top,available,1.88,4.88,medium,low,10,namesilo,,,10/09/2026 00:56
9fcfb410-5412-4758-b826-a75ec9eb07ed,multiflora.top,available,1.88,4.88,high,low,10,namesilo,,,21/09/2026 13:38
451d1f2a-7a66-4e94-ae80-fbf579d3f4a1,baden.top,premium,99.74,99.74,medium,low,5,namecheap,,,25/09/2026 13:59
ca77a863-a77b-4c38-8d6b-8a4c9f8299fc,stages.top,available,1.88,4.88,medium,low,6,namesilo,,,16/09/2026 12:11
9737fa62-3e38-48d2-8e62-f3a6da552649,strike.top,premium,720.6,720.6,high,low,6,namesilo,,,25/08/2026 00:52
20a6ba21-0252-4262-b0a3-e1ff1f57d2a7,orchestrated.top,available,1.88,4.88,high,low,12,namesilo,,,16/09/2026 23:12
4b51aef2-b4d7-4458-b057-4300ab7fb334,scalar.top,available,1.88,4.88,high,low,6,namesilo,,,09/09/2026 22:16
1e86004e-4dee-40e9-9df7-c20b15897abd,luncheon.top,available,1.88,4.88,high,low,8,namesilo,,,
59b19968-8610-4b7d-8120-dc90bc01bf05,suspicious.top,available,1.88,4.88,medium,low,10,namesilo,,,22/08/2026 22:28
2557c963-d4dc-4656-b81f-352dedb3366f,impostor.top,available,1.88,4.88,medium,low,8,namesilo,,,09/09/2026 04:59
86c8ad52-67b4-4a89-9af6-588942401f94,suddenly.top,available,14.99,14.99,medium,low,8,name.com,,,13/08/2026 19:19
8b90b72a-c3b3-49c8-8fcd-0bbb5e82ef5c,elk.top,premium,87.22,87.22,high,low,3,namesilo,,,18/09/2026 03:55
1f78880b-f6bc-494e-bff3-4a9a8a4a66c7,algology.top,available,1.88,4.88,medium,low,8,namesilo,,,18/09/2026 07:09
4fa80509-dfdf-4534-a592-d4b6f3728d37,unloaded.top,available,1.88,4.88,medium,low,8,namesilo,,,12/09/2026 15:03
851879ce-acff-4c63-af1e-31fc35273d15,perplexed.top,available,2.98,6.98,medium,low,9,namecheap,,,08/09/2026 17:56
b969890e-88aa-4714-b472-0f0af39ca450,chef.top,resell,,,high,low,4,Dynadot LLC,14/06/2025 19:24,14/06/2027 19:24,26/09/2026 04:53
ed2d95ff-2820-4ae4-afee-b6b567ac597f,autonomy.top,premium,49.14,49.14,high,low,8,namesilo,,,21/09/2026 07:27
a98479c9-1a85-450d-9a65-3c185fa586cd,drifting.top,premium,55.61,55.61,high,low,8,name.com,,,14/08/2026 19:13
314f14d3-12ba-45f4-9715-ace9fcbaff43,acarina.top,available,2.98,6.98,medium,low,7,namecheap,,,16/09/2026 21:31
fba729fd-487d-4b05-85f9-100556e7788b,trollope.top,available,2.98,6.98,medium,low,8,namecheap,,,19/09/2026 13:43
00484c40-70a7-42f1-8b59-4d3eab8a3e57,snobby.top,available,1.88,4.88,medium,low,6,namesilo,,,12/08/2026 11:23
4b6c64db-91f2-4293-8547-4b5e7eda4aba,gushy.top,available,2.98,6.98,medium,low,5,namecheap,,,20/08/2026 21:03
364d279e-2209-4e67-a2fa-7e2c00dc871a,scrawny.top,available,1.88,4.88,medium,low,7,namesilo,,,09/09/2026 23:42
47ceecd5-2a12-4958-b16c-42f1d7b75276,truant.top,available,1.88,4.88,high,low,6,namesilo,,,08/08/2026 01:41
6092dd0b-b6e4-49dd-810a-8f98bfb3366e,secluded.top,available,6.98,,high,low,8,namecheap,,,
45a684e7-2e30-4869-b3dd-ad3690cfc82c,pepperidge.top,available,1.88,4.88,medium,low,10,namesilo,,,24/09/2026 00:49
3fa3c3cd-cece-4e53-ba63-ab273bed543a,slippery.top,available,1.88,4.88,medium,low,8,namesilo,,,10/09/2026 11:01
3e63bd98-8071-4171-b2ec-8ee6cad5b367,cord.top,premium,54.45,54.45,high,low,4,namesilo,,,
0778b774-a1df-4023-bf5b-8d76d851714a,banian.top,premium,36.19,36.19,medium,low,6,namesilo,,,22/09/2026 02:05
14072de7-de23-4a07-8578-b2a2774f9875,charnel.top,available,1.88,4.88,medium,low,7,namesilo,,,12/08/2026 02:37
4fab525c-13e1-42a7-a4d4-97708cd6acac,perpetual.top,premium,49.14,49.14,high,low,9,namesilo,,,
7732ce7d-cd93-47d2-a562-b34e2e2e4ae2,clemency.top,available,1.88,4.88,high,low,8,namesilo,,,24/09/2026 15:31
f85a9a45-76aa-41db-99c9-d957c4c62d5e,bounty.top,premium,49.14,49.14,high,low,6,namesilo,,,24/09/2026 07:35
d70cc80d-09ad-4ddd-a9bb-1e19b1e5a84e,alarmism.top,available,2.98,6.98,medium,low,8,namecheap,,,18/09/2026 01:58
c343a0de-1434-429e-8d06-3d59ae0817d2,inaccurate.top,available,1.88,4.88,medium,low,10,namesilo,,,22/08/2026 00:09
bc1aebef-b3ab-44ab-b757-833687b6ecf1,dreams.top,premium,96.82,96.82,high,low,6,namecheap,,,25/09/2026 20:24
eec94c07-d44e-49f2-83f3-d0e9d266e497,horizon.top,premium,291.15,291.15,high,high,7,namecheap,,,19/09/2026 20:16
a30e1ac9-4934-4b3e-bf36-f5951d4815c5,maze.top,premium,95.93,,high,low,4,name.com,,,
cdaf51c5-225c-4a50-a34a-f02b7806ae4e,barbel.top,available,1.88,4.88,medium,low,6,namesilo,,,22/09/2026 04:47
e6692828-4143-463f-b224-193d964ed8c0,deadlines.top,available,2.98,6.98,medium,low,9,namecheap,,,21/09/2026 08:50
e8fb5395-b2e2-4c38-ae29-41909635e27f,rosacea.top,available,1.88,4.88,medium,low,7,namesilo,,,17/09/2026 01:59
e540347e-1941-4baa-957b-2f5974705313,ictic.top,available,2.98,6.98,low,low,5,namecheap,,,21/08/2026 17:53
befd2633-39ae-4d27-80e6-6869c0314d05,floccose.top,available,1.88,4.88,medium,low,8,namesilo,,,18/08/2026 08:36
d68ac431-aaa0-4e42-8399-27c49468317e,management.top,resell,,,high,low,10,成都西维数码科技有限公司,27/01/2017 18:00,27/01/2027 18:00,26/09/2026 07:24
b0d16268-5b72-4764-b3a3-c506fb6f930e,unsilenced.top,available,2.98,6.98,medium,low,10,namecheap,,,12/09/2026 19:56
272aa210-1c44-432d-8a7f-4bf5f061ebc8,uproarious.top,available,1.88,4.88,high,low,10,namesilo,,,21/08/2026 09:23
de432bbb-bcbd-4ac2-83d1-58d4fadf003f,rosebush.top,available,2.98,6.98,high,medium,8,namecheap,,,09/09/2026 18:41
7b9e908f-d6a9-4e25-b66c-d0d59e7d9f89,civilly.top,available,1.88,4.88,medium,low,7,namesilo,,,14/09/2026 06:57
25f4a016-f545-476d-a232-b38fcd589144,idyll.top,premium,49.14,49.14,high,low,5,namesilo,,,08/09/2026 10:11
6b792a70-b706-4172-8e3b-90e2e1c29610,baronial.top,available,2.98,6.98,medium,low,8,namecheap,,,08/08/2026 20:11
83ca09e2-a592-4301-b00e-4ca128ea0b1e,story.top,premium,532.99,532.99,high,medium,5,namesilo,,,25/09/2026 22:53
7ba2a4df-6c6a-45bb-8bcb-f69d2df631f7,dismantled.top,available,1.88,4.88,medium,low,10,namesilo,,,14/08/2026 01:22
c1435acc-6dd0-49f1-a5dc-370633cdd9ea,symbolical.top,available,1.88,4.88,high,low,10,namesilo,,,16/08/2026 09:33
4f84f631-77bb-474f-bc5b-847410954b7f,investigate.top,available,1.88,4.88,high,low,11,namesilo,,,26/09/2026 00:41
a1022a07-578c-412b-94b1-ce152531b606,waxing.top,premium,74.66,74.66,high,low,6,namesilo,,,13/09/2026 08:44
b8b7b2b4-5c6a-40aa-9353-060f6826b793,spider.top,premium,532.99,4.26,high,low,6,namesilo,,,26/09/2026 00:23
e80518fb-f230-458b-b1d8-9565456641c0,diminished.top,available,1.88,4.88,medium,low,10,namesilo,,,07/08/2026 15:00
30c314f8-f75c-437b-86e8-20764f713f93,coddle.top,available,2.98,6.98,high,low,6,namecheap,,,21/09/2026 13:03
c8e0f601-e1d7-4e7e-90e8-3fe4a86f4de0,antiracist.top,available,1.88,4.88,high,low,11,namesilo,,,
a84f0948-5aed-44db-95fc-7ec915a4ea6b,hem.top,premium,290.72,290.72,high,low,3,namecheap,,,17/09/2026 20:18
1173edac-72a4-410d-98db-cca50c8e8918,downy.top,premium,49.14,49.14,high,low,5,namesilo,,,14/08/2026 17:40
a5c5e07b-4725-42fd-9b0a-3e4fb007f305,without.top,premium,91.9,,high,low,7,name.com,,,
35d9e774-d776-4a8a-9122-9f3c26af9766,intrastate.top,available,1.88,4.88,high,low,10,namesilo,,,22/08/2026 08:45
6d04ea63-0b91-4d0b-a26a-f1c8287bbfde,lordly.top,available,,,medium,low,6,,,,
24ca9879-051d-4770-ba0b-63ba21f713a3,fleetly.top,available,2.98,6.98,medium,low,7,namecheap,,,14/09/2026 18:56
0a15dbe5-e069-40f8-a892-9ae4782ecc8a,corelli.top,available,1.88,4.88,medium,low,7,namesilo,,,20/09/2026 01:37
7ee88a4c-96ab-4357-8e38-470d67a22354,addend.top,available,2.98,6.98,medium,low,6,namecheap,,,17/09/2026 06:41
9cfc07a9-2a4a-481c-b241-81cacf9994a7,neat.top,premium,82.59,82.59,high,low,4,namesilo,,,22/09/2026 16:59
11461949-beb5-479c-884d-af75dbdf7936,footle.top,available,1.88,4.88,medium,low,6,namesilo,,,11/09/2026 08:27
c8135fea-5500-4114-91b7-7af7a6d93669,gari.top,premium,85.06,85.06,high,low,4,namesilo,,,23/09/2026 22:55
899ca59c-3bd9-4ce9-8365-d6aa29e89cd7,disbelief.top,available,1.88,4.88,high,low,9,namesilo,,,24/09/2026 22:29
ce490ec2-e762-4bc7-ac26-fdd407a2af3d,counterterrorism.top,available,6.98,,medium,low,17,namecheap,,,
53e1479c-e08b-4a57-9256-83ef676bb2f7,regimental.top,available,1.88,4.88,high,medium,10,namesilo,,,09/09/2026 12:54
91a68cba-5fcb-4ce5-860f-a2d43d7073f8,smash.top,premium,49.14,49.14,high,low,5,namesilo,,,22/09/2026 17:11
0d0a256d-27a7-45b0-8b0d-c1d56ee4d2d5,willard.top,premium,49.14,49.14,medium,low,7,namesilo,,,25/09/2026 05:33
ca56f652-10c9-4394-8667-5645241a77de,redbrush.top,available,1.88,4.88,medium,low,8,namesilo,,,18/09/2026 19:44
fb04208d-3619-48dd-b73b-a6287e115b87,dipolar.top,available,1.88,4.88,medium,low,7,namesilo,,,14/08/2026 08:28
c82bda0f-a174-4282-86e5-f44dfbe80547,undersexed.top,available,1.88,4.88,medium,low,10,namesilo,,,12/09/2026 07:31
2483fb50-8e49-479a-89a3-559504c2d2d5,moses.top,premium,49.14,49.14,high,low,5,namesilo,,,19/09/2026 10:00
ab8e60a2-3ea1-4d37-bdbe-58f68316ffaf,sod.top,premium,82.59,82.59,medium,low,3,namesilo,,,24/09/2026 11:02
1a7f7550-2a3a-4b04-9bcb-8d348a6a7b8e,forgo.top,premium,49.14,49.14,high,low,5,namesilo,,,18/08/2026 11:51
9699591a-f5b6-4977-aa9a-8cacfcae119b,soviet.top,premium,49.14,49.14,high,medium,6,namesilo,,,10/09/2026 15:00
11088839-6c76-4b4f-a10b-1d165b65d2dd,wintery.top,available,1.88,4.88,medium,low,7,namesilo,,,13/09/2026 12:39
1bc17be8-4be9-4115-baf0-938ad18e8473,prescribed.top,available,1.88,4.88,medium,low,10,namesilo,,,13/08/2026 22:17
525ba902-7a3d-4d08-9dba-6138b2fe1e5d,gustative.top,available,2.98,6.98,medium,low,9,namecheap,,,20/08/2026 21:08
652a1764-27e8-4f4a-a49e-7ff4fde7364e,avocet.top,available,1.88,4.88,medium,low,6,namesilo,,,21/09/2026 09:44
354a893e-48e7-4c6d-9c5e-90f409f73449,females.top,available,2.98,6.98,medium,low,7,namecheap,,,18/09/2026 19:27
5a627b93-5b58-49b9-b612-79eeda3741ff,trios.top,premium,97.05,97.05,medium,low,5,namecheap,,,19/09/2026 22:38
bf9699f3-001b-4aff-9140-a14917d2d566,twinkly.top,available,1.88,4.88,medium,low,7,namesilo,,,09/08/2026 04:13
da580c3c-589c-483f-b856-2a03af366550,hang.top,premium,732.25,,high,low,4,name.com,,,
8d217425-76f1-425d-a813-59599bc9dd48,umpteen.top,available,1.88,4.88,low,low,7,namesilo,,,11/09/2026 23:06
5dc7f371-2b83-42f9-b1be-4dd48462029f,beingness.top,available,1.88,4.88,medium,low,9,namesilo,,,23/09/2026 04:19
7ba02b27-cdff-4b3e-81f7-558e6561a7ce,blackwash.top,available,1.88,4.88,low,low,9,namesilo,,,20/09/2026 15:47
35cff2e0-7d0c-4018-89be-f71c9a196022,pokey.top,available,1.88,4.88,medium,low,5,namesilo,,,14/08/2026 07:36
753e03c1-0a25-404f-bf16-8e330ebef23b,secure.top,resell,,,high,medium,6,Dynadot LLC,21/01/2026 23:06,21/01/2027 23:06,26/09/2026 08:53
dc12611f-33ac-4cca-8bcc-49a2aae36af9,quickly.top,premium,54.45,54.45,high,low,7,namesilo,,,
246137c2-9576-4b7d-a9b1-ee25149317c9,concordant.top,available,2.98,6.98,medium,low,10,namecheap,,,12/08/2026 20:16
4f1bbe32-1e7c-48f0-8742-75e3097d1677,aar.top,premium,74.33,74.33,medium,low,3,namesilo,,,16/09/2026 13:19
27d5d8b4-f874-4cd1-9d85-500fc147938e,weeny.top,available,1.88,4.88,high,low,5,namesilo,,,10/08/2026 08:22
c187c67e-e157-40b3-a885-29eb27809e6a,learnedly.top,available,1.88,4.88,medium,low,9,namesilo,,,14/09/2026 16:04
3b89f2a7-8b73-4cd2-a49d-f948decd6ca1,racer.top,premium,49.14,49.14,high,low,5,namesilo,,,21/09/2026 07:11
917bceae-2df2-49e4-ba97-db3b19b57dc2,pickaback.top,available,1.88,4.88,medium,low,9,namesilo,,,15/09/2026 19:48
172b82c8-1020-483e-9c85-c4fdfd3dc0bf,biotic.top,available,2.98,6.98,high,low,6,namecheap,,,10/08/2026 03:14
89321aa6-b888-4025-acbb-3f3fb6d3404e,adorably.top,available,1.88,4.88,medium,low,8,namesilo,,,13/09/2026 17:21
173fccb5-6aa1-4556-bde7-a73e5044c24e,presumably.top,available,2.98,6.98,medium,low,10,namecheap,,,15/09/2026 21:20
65a52895-3fa9-431f-be06-4bd5de3ca90f,handbill.top,available,1.88,4.88,medium,low,8,namesilo,,,11/08/2026 05:06
057f2153-209f-49cb-a7c7-f730d6264540,recommending.top,available,2.98,6.98,high,low,12,namecheap,,,20/09/2026 20:42
733ac959-7826-434b-88d4-e9349fbac09a,prodromic.top,available,1.88,4.88,medium,low,9,namesilo,,,09/09/2026 02:46
641508fd-8f87-4984-b781-c38b680a41af,bauer.top,premium,82.59,82.59,high,low,5,namesilo,,,25/09/2026 13:07
e5500f65-24a0-4370-9a81-b2b280b45f9b,removal.top,premium,54.45,54.45,high,low,7,namesilo,,,
e99c8e61-a130-49ef-b676-8515b1f97a6b,sorely.top,available,1.88,4.88,medium,low,6,namesilo,,,16/09/2026 05:13
7b67f824-fd17-45a3-a2f7-c81f1274f073,protect.top,premium,91.9,,high,low,7,name.com,,,
5380b1fb-bcb5-403b-bd1d-b9d5fdcf67fa,satyrical.top,available,1.88,4.88,medium,low,9,namesilo,,,09/09/2026 21:57
070815e4-04d7-4520-a48d-cd5ca469e0f8,weekend.top,premium,266.5,266.5,high,low,7,namesilo,,,26/09/2026 00:30
1fd780ca-86a4-4645-ae84-6adb7c994ebd,computing.top,resell,,,high,low,9,成都西维数码科技有限公司,24/01/2016 18:15,24/01/2027 18:15,26/09/2026 05:10
ab65b010-78fb-47b3-a955-f0168b492971,foggy.top,premium,49.14,49.14,medium,low,5,namesilo,,,10/08/2026 16:21
422b008c-87af-43ad-8c40-580411336000,squandered.top,available,1.88,4.88,medium,low,10,namesilo,,,10/09/2026 17:24
06b0c328-92d7-4f1a-9022-433f26b11b7b,primordium.top,available,1.88,4.88,medium,low,10,namesilo,,,19/09/2026 09:53
f42e2718-273d-4d29-999f-6869dd3be6ac,donut.top,premium,54.45,54.45,high,low,5,namesilo,,,
d5f4f05e-be21-4481-b042-a4064c71e27f,breasts.top,available,6.98,,medium,low,7,namecheap,,,
a458bda5-7520-438c-a68b-2a805752b990,autocrat.top,available,2.98,6.98,medium,low,8,namecheap,,,21/09/2026 06:11
4a2d76a2-0f1d-4064-8bc9-08a56f58bbec,coyol.top,available,1.88,4.88,medium,low,5,namesilo,,,17/09/2026 03:38
80bc1586-c2eb-427c-b042-823e2400af52,unwanted.top,available,1.88,4.88,high,low,8,namesilo,,,12/09/2026 07:48
d82df519-1d27-4d23-9653-dd471f349c2b,vitalizer.top,available,1.88,4.88,medium,low,9,namesilo,,,19/09/2026 09:10
1d5f282e-5eaf-41df-8b51-3aaffa20b411,seen.top,premium,94.84,,high,low,4,name.com,,,
ecf25515-4516-4a1b-a754-0c439de08b0a,apostasy.top,available,2.98,6.98,medium,low,8,namecheap,,,19/09/2026 19:16
acc4a616-a518-4204-b7c4-0d74cf471272,decent.top,premium,49.14,49.14,high,low,6,namesilo,,,09/08/2026 06:17
48552db6-d957-4bb0-8821-e4bc24966b8f,pallas.top,premium,58.23,58.23,high,low,6,namecheap,,,20/09/2026 20:39
7c31c690-fc08-4f87-a5f4-a4d2f9788bdd,durer.top,premium,49.14,49.14,high,low,5,namesilo,,,18/09/2026 03:18
865e6383-6d9f-4b61-a356-6c31676e7c94,fields.top,premium,49.14,49.14,high,low,6,namesilo,,,25/09/2026 22:46
fbcee510-4fea-42ce-b4b1-ffe1384550fe,cleaning.top,resell,,,high,low,8,"Spaceship, Inc.",19/04/2018 18:01,19/04/2027 18:01,26/09/2026 04:58
3dde108a-4a9b-4939-9b2a-320668f4989a,obey.top,premium,91.9,,high,low,4,name.com,,,
69dc368b-7816-4899-8f45-ba0f4a237bb1,firm.top,premium,10358.69,4.26,high,low,4,namesilo,,,25/09/2026 10:46
0ff89b14-c83a-422a-bc2e-3f816cc02a0b,plebeian.top,available,2.98,6.98,medium,low,8,namecheap,,,08/09/2026 21:00
6f4d7815-de58-4279-9e40-a62ed5f488da,knot.top,premium,54.92,,high,low,4,name.com,,,
9822fb46-4227-4ec6-a325-7d9ae24f629b,bib.top,premium,82.59,82.59,high,low,3,namesilo,,,23/09/2026 12:42
b54c3053-9f92-400d-8df7-02873d972a08,discomfort.top,available,1.88,4.88,high,low,10,namesilo,,,
aeb3ac5f-9045-409e-bcc7-177bfbc12d10,desirable.top,resell,,,high,low,9,Dynadot LLC,30/07/2024 02:46,30/07/2027 02:46,26/09/2026 05:31
b846763f-7101-4ebb-8d94-7533afd0f85f,worldly.top,available,1.88,4.88,high,low,7,namesilo,,,10/08/2026 13:20
10cd7b27-0b54-4f9c-867d-b4144e4247c5,gyral.top,available,2.98,6.98,medium,low,5,namecheap,,,20/08/2026 21:19
8fdd7158-3fcd-4d36-a991-5f46a147d505,corinthian.top,available,1.88,4.88,high,low,10,namesilo,,,13/08/2026 01:16
0e0d0bd0-6f61-431d-8042-c3e4d86028c2,smokeless.top,premium,49.14,49.14,high,low,9,namesilo,,,10/09/2026 11:57
5cc9f383-a2c1-47a2-af08-cca0432d3654,brighton.top,premium,58.15,58.15,high,low,8,namecheap,,,24/09/2026 10:19
e9f29732-215b-43b0-8090-1aaa30d80e32,offish.top,available,1.88,4.88,low,low,6,namesilo,,,04/09/2026 01:35
f8feebde-deb5-484d-b424-7344eb6cc55c,grubby.top,available,1.88,4.88,medium,low,6,namesilo,,,09/08/2026 09:31
db1bc32c-0217-4539-b9b3-24166565739f,lightsome.top,available,1.88,4.88,medium,low,9,namesilo,,,10/08/2026 14:41
581ff6b1-06c7-411f-8209-b295bf629f76,ruffled.top,available,1.88,4.88,medium,low,7,namesilo,,,18/08/2026 15:53
80720a0b-7916-431e-9b69-7d1fa5230d24,granicus.top,available,2.98,6.98,medium,low,8,namecheap,,,22/09/2026 15:08
3f8d54ad-7399-4524-b347-ecfd0437b9ef,postiche.top,available,2.98,6.98,medium,low,8,namecheap,,,17/08/2026 21:22
29ade705-2ab9-419d-87fb-29b1cb73106e,seljuk.top,available,1.88,4.88,medium,low,6,namesilo,,,10/09/2026 02:15
0e37918a-adbe-4f05-aa0f-10cdc7e2f875,ballerina.top,available,1.88,4.88,high,low,9,namesilo,,,21/09/2026 22:49
194ae349-a21f-456a-9f0f-863bd37b9ee3,everywhere.top,premium,91.52,,high,low,10,name.com,,,
0f02c13b-9211-4b99-9709-3f418c36d363,carpus.top,available,1.88,4.88,medium,low,6,namesilo,,,20/09/2026 11:32
7657d26e-16ce-421e-95ab-1061c4e2e767,deciphered.top,available,2.98,6.98,medium,low,10,namecheap,,,13/08/2026 21:34
53601871-79f5-4ce3-84cc-9d4f7f57fe17,devil.top,premium,360.31,360.31,high,low,5,namesilo,,,23/09/2026 01:20
c7ccb215-77da-4103-a6c6-f8fa02691563,forth.top,premium,82.59,82.59,high,low,5,namesilo,,,22/09/2026 14:59
eec9311f-d890-43e4-9bfe-5f5faf6800da,stroppy.top,available,2.98,6.98,medium,low,7,namecheap,,,10/08/2026 17:59
66b4e5bc-9805-4747-9135-6cd1d6807cd6,pensive.top,available,1.88,4.88,medium,low,7,namesilo,,,11/08/2026 06:00
f3d191a8-7a9e-4b5d-a333-4895f0c4a9c5,olfactory.top,available,1.88,4.88,high,low,9,namesilo,,,04/09/2026 02:12
b8a1159b-ca96-4617-9cc7-d73c47f149c1,fertility.top,resell,,,high,low,9,Dynadot LLC,26/10/2025 18:05,26/10/2027 18:05,26/09/2026 06:03
b1854aa6-6018-46a9-9de0-7d277f873148,fictive.top,available,1.88,4.88,medium,low,7,namesilo,,,07/08/2026 07:55
22432f0a-411a-49a6-82a2-8e8fb5055a85,sob.top,premium,12523.93,14.99,high,low,3,name.com,,,08/08/2026 23:48
be18e04a-fc47-40f4-9f33-0cc930cfaaf4,atavism.top,available,14.99,14.99,medium,low,7,name.com,,,20/09/2026 19:45
5f5cb359-5bcf-4cf2-b7cd-d0a4647bcaa6,barometric.top,available,2.98,6.98,medium,low,10,namecheap,,,08/08/2026 20:06
e78b9fce-5853-4db1-a42c-3052386d776b,crackling.top,available,1.88,4.88,high,low,9,namesilo,,,13/08/2026 04:27
0bef110b-5b0d-4144-964b-433cc17b8b38,sneering.top,available,1.88,4.88,high,medium,8,namesilo,,,10/09/2026 12:32
f765fc67-0701-409e-984a-5c273b1d607a,superbly.top,available,1.88,4.88,high,low,8,namesilo,,,
8e055c25-8fbc-41af-b330-47c0ab48e312,angulate.top,available,1.88,4.88,medium,low,8,namesilo,,,
3268ee81-800c-4af8-8c4c-0a155d1da253,heatable.top,available,1.88,4.88,medium,low,8,namesilo,,,21/08/2026 02:15
633af4d8-49ac-40ca-9244-850c29a04a96,betrayed.top,available,14.99,14.99,medium,low,8,name.com,,,26/09/2026 03:08
b123959a-a803-4dd8-93d4-a60b58ba87df,endemic.top,available,1.88,4.88,high,low,7,namesilo,,,07/08/2026 19:26
43f631e3-b4bc-4b76-8d80-004c545745e4,vandyke.top,premium,58.23,58.23,medium,low,7,namecheap,,,19/09/2026 13:44
8eff9391-1c6b-4c04-becb-7c4f4485d7b9,abc.top,premium,1172655,,high,medium,3,阿里云计算有限公司,22/05/2015 06:21,22/05/2028 06:21,
fc3080e6-acd6-4207-9e4c-48c14cb445c3,azoic.top,available,1.88,4.88,medium,low,5,namesilo,,,08/08/2026 02:22
01d971f8-1926-4b7d-b364-9f45b3dc3215,dry.top,premium,266.5,266.5,high,low,3,namesilo,,,24/09/2026 12:15
671cbfda-700a-4e5e-824e-46a404baf927,xviii.top,available,1.88,4.88,medium,low,5,namesilo,,,21/09/2026 12:00
3e7ebe3e-f552-4b3e-90e7-89360706bc9c,bedtime.top,premium,49.14,49.14,high,low,7,namesilo,,,22/09/2026 23:43
93938b8f-4c61-423d-b412-9c0018806f97,pariah.top,available,2.98,6.98,medium,low,6,namecheap,,,04/09/2026 19:07
237823d0-6ae4-4852-9c00-a8ff65e41c2a,tailless.top,available,1.88,4.88,medium,low,8,namesilo,,,05/08/2026 21:33
02be9bdf-4458-43ce-8943-bab2f57d2d0c,antitoxic.top,available,1.88,4.88,medium,low,9,namesilo,,,05/08/2026 19:55
968def9f-bc99-4ffd-9a86-f2bdbef05c43,algal.top,available,1.88,4.88,medium,low,5,namesilo,,,
afeda928-5708-4114-a8ce-fcaaa7346285,sympathetic.top,available,1.88,4.88,high,low,11,namesilo,,,
b47ce4dd-7fe0-462d-ac96-2bde2bf63534,sororal.top,available,1.88,4.88,medium,low,7,namesilo,,,10/09/2026 08:56
42eb467b-9df9-4e90-a067-c9c4ece2de9f,coast.top,premium,7422.76,,high,low,5,name.com,,,
f8158800-c2aa-4e5d-a85e-ece1e71f12e8,gushing.top,available,1.88,4.88,high,low,7,namesilo,,,11/08/2026 10:18
8d1f4baa-452a-4ed8-b405-263996bd257f,height.top,premium,785.43,785.43,high,low,6,namecheap,,,25/09/2026 19:39
300be7a9-73fa-4bc0-ba02-c9a7048ad389,profiled.top,available,2.98,6.98,medium,low,8,namecheap,,,21/09/2026 10:04
d9b6eca5-4425-4019-ab77-f90c25ed934c,brake.top,premium,49.14,49.14,medium,low,5,namesilo,,,24/09/2026 08:06
61d058d9-f5bf-496f-8f70-aa69d7b3a58f,cowardly.top,available,1.88,4.88,medium,low,8,namesilo,,,13/08/2026 04:07
bfc27dbf-bd3f-4552-bb2b-ab57ddce6296,univocal.top,available,1.88,4.88,medium,low,8,namesilo,,,12/09/2026 09:15
b1e85223-f799-4d2d-b888-b2ac718d5667,apologetic.top,available,1.88,4.88,medium,low,10,namesilo,,,06/08/2026 02:07
2793811d-0177-4d1c-81d2-91509edcb9bb,saliferous.top,available,2.98,6.98,high,medium,10,namecheap,,,09/09/2026 20:52
3b830461-52e6-475b-854c-24e3d6bcefeb,farcical.top,available,1.88,4.88,medium,low,8,namesilo,,,17/08/2026 22:30
8eae6b76-7c0b-4697-be96-6ff674e45ef9,dahna.top,available,1.88,4.88,medium,low,5,namesilo,,,19/09/2026 23:21
39b3cc75-3acd-47cd-b14a-f496b7a70bd2,motions.top,available,1.88,4.88,high,low,7,namesilo,,,18/09/2026 00:16
bc07340c-7237-4994-b1c9-9177409f49b2,housman.top,available,2.98,6.98,medium,low,7,namecheap,,,16/09/2026 12:57
249a9f1a-504a-44f7-91a8-585f5ea4e385,bowery.top,available,1.88,4.88,high,medium,6,namesilo,,,10/08/2026 23:13
5763ef6d-1827-483c-ad65-e09869159e1f,idiomatic.top,available,2.98,6.98,high,low,9,namecheap,,,21/08/2026 18:07
73063ab8-a08b-40b7-9d1c-d77540fd2640,unclean.top,available,1.88,4.88,medium,low,7,namesilo,,,14/08/2026 09:12
843d602d-9b43-44e1-ab80-0594db47bd59,sham.top,premium,272.72,272.72,medium,low,4,namesilo,,,07/08/2026 08:06
a06c34b2-196e-4dff-b17c-5b3ee20ffa7a,tattletale.top,available,1.88,4.88,medium,low,10,namesilo,,,11/09/2026 10:28
f68463a7-d5d8-43da-88b3-ed85f953b030,rae.top,premium,74.83,74.83,high,low,3,namesilo,,,27/09/2026 01:43
5960702b-a1d1-4595-9ab5-454bbca6d161,forfeiture.top,available,1.88,4.88,medium,low,10,namesilo,,,18/08/2026 11:45
52c11853-8e2c-49e8-92a0-c73277f5593e,baiza.top,available,2.98,6.98,medium,low,5,namecheap,,,21/09/2026 19:33
5b6fc53f-3c44-4220-8d53-b75c200ebad7,chartreuse.top,available,1.88,4.88,medium,low,10,namesilo,,,12/08/2026 02:57
5e04b839-dd99-486d-95bb-1f7895089321,attending.top,available,1.88,4.88,high,low,9,namesilo,,,21/09/2026 01:25
c785f830-db2f-42a9-80b5-c6d95c8945e4,verdict.top,premium,58.1,58.1,high,low,7,namecheap,,,27/09/2026 03:56
e42df960-30aa-4f3c-ac36-e42be4d9b6f1,whimsy.top,premium,49.14,49.14,high,low,6,namesilo,,,20/09/2026 00:42
e4209de1-c08e-4e31-8176-920d5436fdf6,stupidly.top,available,1.88,4.88,medium,low,8,namesilo,,,14/09/2026 13:43
25e87534-9c5d-45ba-b5e8-df9262231dc1,confucian.top,available,2.98,6.98,high,low,9,namecheap,,,12/08/2026 21:15
5af85d1a-23ca-4d18-b107-f40ee476aee5,pout.top,premium,58.23,58.23,high,low,4,namecheap,,,18/09/2026 18:12
f573023c-1255-4428-9c8b-c5fc7e0e49ad,organic.top,resell,,,high,low,7,成都西维数码科技有限公司,28/01/2024 22:11,28/01/2027 22:11,26/09/2026 07:56
5ea1923c-9aeb-4875-87f7-cbb87c431467,suspicions.top,available,1.88,4.88,low,low,10,namesilo,,,18/09/2026 08:04
103d0bba-1295-42cc-a214-a09ad8c7b05f,bravery.top,available,,,high,low,7,,,,
88c43446-f81f-4e44-af3a-eb56f9639aee,yankee.top,resell,,,high,low,6,West263 International Limited,19/02/2022 18:06,19/02/2027 18:06,26/09/2026 10:15
da6e9c15-f092-459d-8514-b237c3519866,deformity.top,available,2.98,6.98,medium,low,9,namecheap,,,24/09/2026 21:21
bbf76fc6-5a8e-49a3-b1df-5aec20afabfb,bantam.top,premium,49.14,49.14,medium,low,6,namesilo,,,08/08/2026 14:01
d1c9b7f4-fa42-4a51-b7a5-0c3c87a66f10,pusher.top,premium,49.14,49.14,high,low,6,namesilo,,,21/09/2026 13:22
bb1dd2ac-f6d0-4c0b-a3b9-fc5f883f8032,guatemalan.top,available,1.88,4.88,high,low,10,namesilo,,,20/08/2026 20:45
1832175c-f3c7-4071-8ce7-4c7b3f4e915f,sacrificial.top,available,6.98,,high,low,11,namecheap,,,
144e11d3-39ba-4717-92de-e9fb11d8d8ab,pastorale.top,available,1.88,4.88,medium,low,9,namesilo,,,08/09/2026 10:10
6871734c-b308-4b52-a32f-2d1b2e10d19d,nonplussed.top,available,1.88,4.88,medium,low,10,namesilo,,,07/08/2026 10:48
4cb4b179-3aeb-4043-980c-3aa5dfa72f58,swallow.top,premium,91.5,,high,low,7,name.com,,,
6a6570c0-0840-45df-812f-52f1b9f637fc,socialized.top,available,1.88,4.88,medium,low,10,namesilo,,,10/09/2026 13:12
e3138888-800a-4bf0-9960-4bb65b7c9f60,stabile.top,available,2.98,6.98,medium,low,7,namecheap,,,21/08/2026 21:21
54550bd1-473c-4d8b-bf46-e9cf75ec526a,altair.top,premium,49.14,49.14,medium,low,6,namesilo,,,18/09/2026 14:31
b3167530-6032-4c91-b675-45a306cafe8d,aureate.top,available,1.88,4.88,medium,low,7,namesilo,,,22/09/2026 12:51
4502f87e-7643-47f6-87fa-8735fa7f95c6,views.top,premium,186.38,186.38,high,low,5,name.com,,,16/09/2026 22:00
d833087a-8416-44ae-a17f-c7981cf36fc5,skill.top,available,,,high,medium,5,,,,
ceca28f8-4ba7-4ed5-9558-ef4d521f660c,matter.top,premium,10038.57,,high,low,6,name.com,,,
681c52f8-b882-496b-b903-ce96747d46e8,listened.top,available,1.88,4.88,medium,low,8,namesilo,,,25/09/2026 19:45
3e96c148-a20a-4439-aeb1-33adef113927,roy.top,premium,82.59,82.59,high,low,3,namesilo,,,25/09/2026 12:36
a3cb6a24-2f0c-4bbc-874b-07a52dc70815,ciliate.top,available,1.88,4.88,medium,low,7,namesilo,,,12/08/2026 08:06
847ecaf0-14cd-4632-812d-236dc1e4a8d4,borodin.top,available,1.88,4.88,high,low,7,namesilo,,,18/09/2026 05:02
405c4364-1d57-4abe-a078-6487bb6ddbce,expandable.top,available,2.98,6.98,high,low,10,namecheap,,,17/08/2026 17:51
90da5dfd-8eee-4fdd-9571-8d9465391c35,beauvoir.top,available,1.88,4.88,high,low,8,namesilo,,,22/09/2026 22:24
f5f2c510-c406-4907-b51c-5c8b8d7233f7,apocrypha.top,available,2.98,6.98,medium,low,9,namecheap,,,19/09/2026 18:13
b980f3bd-4785-4648-81bc-8dff6fb44662,obstinate.top,available,2.98,6.98,medium,low,9,namecheap,,,13/08/2026 12:17
410625ff-a400-466b-83b8-dddc77ffc9ca,anuran.top,available,1.88,4.88,medium,low,6,namesilo,,,05/08/2026 20:48
fb9ac830-59af-4d0b-a487-c4c68f185400,hawkish.top,available,1.88,4.88,medium,low,7,namesilo,,,21/08/2026 01:38
05a8d5a2-bd42-46a7-9625-36ef2940d7ab,lumpish.top,available,1.88,4.88,medium,low,7,namesilo,,,24/08/2026 11:12
9205e9da-3a41-4787-9452-5f8f787107c8,aunty.top,premium,58.23,58.23,high,low,5,namecheap,,,21/09/2026 04:13
a7c99882-6960-4a00-a15c-ea395d343ed5,apostolic.top,available,1.88,4.88,medium,low,9,namesilo,,,06/08/2026 04:04
4c4674cf-5849-4075-84b8-3126d72493f7,chorale.top,available,1.88,4.88,high,low,7,namesilo,,,12/08/2026 07:04
dc196c81-d2f7-4e1c-b982-dc8b6523bb42,assigning.top,available,1.88,4.88,high,low,9,namesilo,,,20/09/2026 16:26
60e4599c-fbcc-461c-8069-14df1a780272,unvoiced.top,available,1.88,4.88,medium,low,8,namesilo,,,11/09/2026 03:39
016f7143-e114-462c-a403-140c7ef4261c,assets.top,resell,,,high,low,6,Porkbun LLC,31/03/2023 12:14,31/03/2027 12:14,26/09/2026 04:04
0c04b015-f58e-41ce-b358-5ff736011e58,caprice.top,premium,49.14,49.14,high,low,7,namesilo,,,24/09/2026 12:38
bf8e9247-e063-4e72-8741-346a06119539,kigali.top,premium,49.14,49.14,high,low,6,namesilo,,,24/09/2026 12:21
3b1c561e-6f18-462b-9cbd-5a25c64dd14d,hedge.top,premium,54.45,54.45,high,low,5,namesilo,,,
542db426-6be6-408f-96e3-5f2964e8164a,torch.top,premium,54.45,54.45,high,low,5,namesilo,,,
1e5f187a-b076-4502-8e33-d671e2ad3314,rosaceous.top,available,2.98,6.98,high,medium,9,namecheap,,,09/09/2026 18:39
f996ec3b-591e-4304-b541-7e4127c3da0d,bigamy.top,available,1.88,4.88,medium,low,6,namesilo,,,23/09/2026 15:03
2eb8675f-ea0c-4635-85cd-db5b603f6c7a,demure.top,available,1.88,4.88,high,low,6,namesilo,,,25/09/2026 09:20
f0b3c3e7-71b8-4fc8-94e4-3cc9521f4136,unwell.top,available,2.98,6.98,medium,low,6,namecheap,,,
7f6a6bba-c151-4f8b-99c5-3ef8f718a201,rigor.top,premium,58.23,58.23,high,high,5,namecheap,,,20/09/2026 14:53
148888b1-6705-40e9-9883-1c8f18f4819b,doctorial.top,available,1.88,4.88,medium,low,9,namesilo,,,14/08/2026 14:21
090f1451-f076-4662-a091-0c4f21b23b9a,arachnoid.top,available,1.88,4.88,medium,low,9,namesilo,,,06/08/2026 11:41
993dffe3-5c12-4023-a257-ae0860dede08,twenties.top,available,14.99,14.99,high,low,8,name.com,,,16/09/2026 12:09
974e8d7c-2967-491d-998c-295855b94ad2,fortified.top,available,1.88,4.88,high,low,9,namesilo,,,09/08/2026 00:17
e2a52c92-454c-4826-a3e5-31cc898c1e37,rudiments.top,available,1.88,4.88,medium,low,9,namesilo,,,22/09/2026 10:41
c6b1ae00-3668-4cf3-9c25-413793698cde,discussion.top,premium,91.65,,high,low,10,name.com,,,
307b1450-1f49-4add-903d-a49973b26eba,mark.top,premium,3884.51,4.26,high,medium,4,namesilo,,,24/09/2026 01:59
c0c83a45-d413-424d-8c66-7eacf236aab2,ballpoint.top,available,1.88,4.88,high,low,9,namesilo,,,21/09/2026 23:21
83963836-531b-4ee9-8486-74d9b1be3dc1,numerous.top,available,1.88,4.88,high,low,8,namesilo,,,22/08/2026 23:01
f61b39ba-ce21-44aa-b00c-8f50020c0d05,tradition.top,premium,54.45,54.45,high,low,9,namesilo,,,
f272cab7-0b95-4251-9ff3-e40b6d755460,verbalize.top,available,1.88,4.88,medium,low,9,namesilo,,,13/09/2026 00:14
efa8eae8-88d2-4587-bc9a-17e827b076ad,onto.top,premium,91.9,,high,low,4,name.com,,,
f9d392b6-39e0-4895-9e7f-1be524ca9dda,stabilized.top,available,2.98,6.98,medium,low,10,namecheap,,,10/09/2026 17:54
46959790-7481-4aaf-87d9-e1ffdad09927,pilotless.top,available,1.88,4.88,high,medium,9,namesilo,,,08/09/2026 19:42
1b698cf7-14a5-4391-8355-bb73a2fa5956,enamored.top,available,2.98,6.98,high,low,8,namecheap,,,16/08/2026 21:09
b9751123-1b56-4032-8fdd-08a70e4ee1a5,untainted.top,available,2.98,6.98,medium,low,9,namecheap,,,10/09/2026 18:22
b9e851ee-0745-425c-bc65-ba8e66105b48,yeast.top,premium,49.14,49.14,high,low,5,namesilo,,,22/09/2026 06:34
6bc224a3-e919-4cc6-8182-4af9a1d801bd,athenaeum.top,available,1.88,4.88,high,low,9,namesilo,,,20/09/2026 20:40
180507e9-632e-4a15-ba7f-140eb4b945e9,lavender.top,premium,7871,14.99,high,low,8,成都西维数码科技有限公司,29/01/2019 18:03,29/01/2027 18:03,22/08/2026 21:02
fd81b7d8-58d8-4b3e-85ef-a1f4f1ff3116,baum.top,premium,49.14,49.14,high,low,4,namesilo,,,22/09/2026 16:38
f5551f37-fb52-4181-bf55-932c26c054c9,unlatched.top,available,1.88,4.88,medium,low,9,namesilo,,,12/09/2026 01:38
ebc8bb0a-f3ac-486e-b105-4c0057e4ac34,turin.top,premium,49.14,49.14,high,low,5,namesilo,,,26/09/2026 00:26
caba7251-b938-4f51-ac60-62b38d41b027,bode.top,premium,194.01,194.01,high,low,4,namesilo,,,21/09/2026 03:28
aef378c2-5e49-405e-af60-7c53995162e0,connection.top,premium,5017.87,,high,low,10,name.com,,,
166e939e-eb5e-4e75-9669-ddea439084d1,anus.top,premium,58.23,58.23,medium,low,4,namecheap,,,19/09/2026 15:56
660d6770-fa1e-4150-af66-f7ade18f8e4f,balanchine.top,available,2.98,6.98,high,low,10,namecheap,,,21/09/2026 20:54
3d669c58-be48-4c37-93aa-599d5309e46e,nut.top,premium,12948.37,4.26,high,low,3,namesilo,,,10/09/2026 00:12
9038c3a3-b1da-46e1-b628-620968c26f3d,gleaming.top,available,1.88,4.88,high,low,8,namesilo,,,
366f8b49-2fb8-4b94-8a5f-ed28069d4946,rifle.top,premium,49.14,49.14,high,low,5,namesilo,,,27/09/2026 04:01
ebc4fb52-7c67-4834-b9b2-7f419a6a109c,queens.top,premium,54.45,54.45,high,low,6,namesilo,,,
06577c93-d246-484b-a374-89b83a1f5c5b,unsparing.top,available,2.98,6.98,high,low,9,namecheap,,,22/08/2026 21:11
98e48468-ac50-4762-9a9f-ce7f2a08419c,marine.top,premium,49.14,49.14,high,low,6,namesilo,,,25/09/2026 16:45
28bc6e2e-e2d4-4143-986c-fcafafb5c019,pork.top,premium,49.14,49.14,high,low,4,namesilo,,,26/09/2026 00:07
202861a1-d3d1-4bef-8b9f-8e9f64813ea8,mind.top,premium,774.67,774.67,high,medium,4,namecheap,,,24/09/2026 19:19
44e3e527-777b-4fce-9134-abc207da09b0,baleful.top,available,1.88,4.88,medium,low,7,namesilo,,,08/08/2026 09:39
8913ecab-727a-4754-b400-ac428c5cdc64,bunco.top,premium,49.14,49.14,medium,low,5,namesilo,,,14/09/2026 07:59
aae25adb-c012-4e3a-94b1-20da1f4e68ce,highway.top,premium,275.28,,high,low,7,name.com,,,
f3c7fae5-42d8-4380-8f2e-e7ea4852fad4,generals.top,available,2.98,6.98,medium,low,8,namecheap,,,18/09/2026 06:44
44c9301c-3999-483d-aa54-2bf488571b07,lyrical.top,available,1.88,4.88,high,low,7,namesilo,,,24/08/2026 12:41
cb66ebd3-c0db-4e5e-aa19-da52c474d838,fatten.top,available,1.88,4.88,medium,low,6,namesilo,,,17/08/2026 23:09
f64eb3df-f6df-4652-83e1-2c7ba709b4f6,leadership.top,premium,275.66,,high,low,10,name.com,,,
88bfb2b4-99e0-4bea-b15e-3fb434fcb9a7,araneus.top,available,1.88,4.88,medium,low,7,namesilo,,,20/09/2026 00:05
30c6e047-8363-4b03-9ad9-d943b8b3f099,hittite.top,available,1.88,4.88,medium,low,7,namesilo,,,21/08/2026 10:00
e4a2afc3-0dbe-479f-b02b-998f28b76460,his.top,premium,372.75,,high,low,3,name.com,,,
67f2da44-36b2-44fb-a000-30e90c2d9f92,arrowroot.top,available,2.98,6.98,medium,low,9,namecheap,,,17/09/2026 00:43
154d17d5-fe48-4708-a7c7-f68e4eeb1692,drummond.top,available,1.88,4.88,medium,low,8,namesilo,,,25/09/2026 15:26
405527d5-58a5-4925-823e-1d91359e17b3,urinate.top,available,1.88,4.88,medium,low,7,namesilo,,,13/09/2026 09:41
e9750669-c8a6-446a-84f7-895e28937362,innermost.top,available,1.88,4.88,medium,low,9,namesilo,,,22/08/2026 05:53
68c205dd-11f2-4595-b804-5a594c1413b0,slug.top,premium,49.14,49.14,high,low,4,namesilo,,,23/09/2026 13:52
fe342647-d05a-441b-a900-ac081f71e482,gnomic.top,available,1.88,4.88,medium,low,6,namesilo,,,20/08/2026 15:44
63787b40-196a-4489-b8a8-5a0b6ecf254c,gate.top,premium,734.08,,high,low,4,name.com,,,
27c23413-aca8-40a3-9404-7f2098a33f47,breath.top,premium,532.99,532.99,high,low,6,namesilo,,,24/09/2026 10:14
8cc6b6a0-4371-40ba-9405-45f015493363,penniless.top,available,1.88,4.88,medium,low,9,namesilo,,,21/08/2026 00:34
50c50226-197c-46fd-92ff-dc6e723724cb,proximal.top,available,1.88,4.88,high,low,8,namesilo,,,09/09/2026 04:44
b1e967a0-e0d2-48a9-b2fc-4d2f0ca2f543,bakshis.top,available,1.88,4.88,medium,low,7,namesilo,,,21/09/2026 15:54
9e28a2c5-c3ca-4365-bc4f-b1630f178775,uttered.top,available,1.88,4.88,medium,low,7,namesilo,,,17/08/2026 18:44
12ab7de3-2a97-4f19-8e74-218df27b6052,compliment.top,premium,96.84,96.84,high,low,10,namecheap,,,24/09/2026 16:50
5d90f0f8-b89f-4670-a988-8df0c4b3c8e2,dank.top,premium,49.14,49.14,high,low,4,namesilo,,,12/08/2026 09:24
d05b6218-8b80-4bb2-8454-c75e17c92419,gratis.top,premium,55.77,55.77,high,low,6,name.com,,,20/08/2026 18:35
7b1cb655-33e0-4303-a082-7d4147da043f,wavering.top,available,1.88,4.88,medium,low,8,namesilo,,,13/09/2026 00:41
4c5c3cad-5cfe-4bc0-8b45-ac89e3d94ef7,proud.top,premium,274.66,,high,low,5,name.com,,,
ffe206d4-2005-4dde-b7b8-7bdfdf9ddda8,calciferol.top,available,14.99,14.99,high,low,10,name.com,,,13/08/2026 15:07
21b8f0e8-22ae-445f-a1c8-988c5ca53705,ropey.top,available,1.88,4.88,high,medium,5,namesilo,,,09/09/2026 18:38
71adc141-37f1-49a5-b0c7-daa741f846b6,carmen.top,premium,82.59,82.59,high,low,6,namesilo,,,27/09/2026 01:37
aa33d08d-febc-46d2-a636-33672521b59f,fenestral.top,available,1.88,4.88,medium,low,9,namesilo,,,18/08/2026 01:09
7b3699d9-421c-4a73-b1ef-3f9dc5339cda,upended.top,available,1.88,4.88,medium,low,7,namesilo,,,12/09/2026 23:06
a0f79b1b-c73c-4a46-8bc1-ca315f3f23fd,selected.top,premium,54.45,54.45,high,low,8,namesilo,,,
251b38b7-3239-4267-aaed-248c3066897f,promised.top,premium,58.15,58.15,high,low,8,namecheap,,,17/09/2026 11:24
077db4d6-5e7c-43e6-a0eb-39abb3a3a6f9,tyson.top,premium,55.86,55.86,high,low,5,name.com,,,25/09/2026 23:42
c747285d-229a-4514-98ec-82c332680c27,prostatic.top,available,1.88,4.88,medium,low,9,namesilo,,,09/09/2026 03:53
121edd6e-2edf-4473-a34c-fba157b0705a,slide.top,premium,745.39,,high,low,5,name.com,,,
e19a6488-cbb8-45f2-81a1-a40ca7a9e006,hurt.top,premium,774.67,774.67,high,low,4,namecheap,,,25/09/2026 06:49
b1171800-779b-4a95-b6c8-40792ea5fb78,antebellum.top,available,1.88,4.88,medium,low,10,namesilo,,,
a159d22b-de37-4c0c-8be9-697c2b3326f2,worthful.top,available,1.88,4.88,high,low,8,namesilo,,,13/09/2026 13:26
14bdc74e-52b0-4628-8244-202edce3cd4b,chiang.top,premium,73.99,73.99,medium,low,6,namesilo,,,25/09/2026 16:34
3f877dbb-0915-428b-9704-3048819828f5,televised.top,available,2.98,6.98,high,low,9,namecheap,,,21/09/2026 05:39
28d336c3-90ce-407b-b51c-c1831bd52734,alkyd.top,available,1.88,4.88,medium,low,5,namesilo,,,18/09/2026 08:33
b819a9a9-b31c-4f4c-a16f-af9e89486fb0,hamilton.top,premium,54.45,54.45,high,medium,8,namesilo,,,
01c9b90d-978e-4343-ac6b-3b44f3e334f8,furnished.top,available,2.98,6.98,high,low,9,namecheap,,,18/08/2026 18:50
3e22a87a-762f-4b65-94c4-4d18d2c48376,arriviste.top,available,1.88,4.88,medium,low,9,namesilo,,,03/09/2026 22:17
46c289e8-8ff9-44d3-8edf-2acce62566bc,riding.top,premium,85.47,85.47,high,low,6,namesilo,,,
256dc981-06f2-416c-9a06-7f5c0d7327be,ding.top,premium,732.25,,high,low,4,name.com,,,
fc1b1f10-ca78-4f3a-a559-fbdcd6bc53e3,careless.top,available,1.88,4.88,high,low,8,namesilo,,,23/09/2026 12:52
59960c44-e0de-442f-966c-54e05c84a160,shore.top,premium,266.5,266.5,high,low,5,namesilo,,,26/09/2026 00:07
ee2ee964-e7d9-4d1d-84a9-0f44fcb1bdb9,dataflows.top,available,1.88,4.88,low,low,10,namesilo,,,21/09/2026 05:22
5d61e525-277b-4a7e-86ff-fb7b923014e6,antitype.top,available,1.88,4.88,medium,low,8,namesilo,,,19/09/2026 15:14
c465e582-f3b8-408d-babe-74f28a44c965,prickly.top,available,,,medium,low,7,,,,
ffd20ce5-e7cd-4bee-a2db-afa11f1488c2,hush.top,premium,58.12,58.12,high,low,4,namecheap,,,09/09/2026 08:50
9026231b-6f72-4260-ae63-54d1872cf551,mogul.top,premium,49.14,49.14,high,low,5,namesilo,,,23/09/2026 14:17
7a0b0457-6ba8-4473-99fb-359d0bf390c8,removed.top,available,1.88,4.88,high,low,7,namesilo,,,26/09/2026 00:50
0b7943e5-94db-4755-9809-d635a04dae75,lewis.top,premium,49.14,49.14,high,low,5,namesilo,,,25/09/2026 03:55
5678dd12-abaa-4534-a770-32867eab4318,emotion.top,premium,54.45,54.45,high,low,7,namesilo,,,
617af0a2-8477-4bb0-b41e-a529ffc24c29,allusion.top,available,1.88,4.88,high,low,8,namesilo,,,18/09/2026 12:15
db3fdb76-4afb-4c92-8365-bfbe229caff7,cowpens.top,available,1.88,4.88,medium,low,7,namesilo,,,22/09/2026 14:56
134fe20e-41f3-46a9-8b8d-5b42f3f18ff5,snitcher.top,available,2.98,6.98,medium,low,8,namecheap,,,19/09/2026 14:14
52eeea2f-500f-47f9-8f86-81bc94a7061f,kate.top,premium,130.76,130.76,high,low,4,namesilo,,,25/09/2026 12:02
997098f3-a42e-4c46-b1b0-e7c0311370c0,acinose.top,available,1.88,4.88,medium,low,7,namesilo,,,
e749af77-5f72-4c1a-b7ec-977a579a495e,benne.top,premium,85.06,85.06,medium,low,5,namesilo,,,23/09/2026 08:27
d50f0216-4a9b-47f2-80f5-5a14cf17f513,sneeze.top,available,6.98,,high,low,6,namecheap,,,
c6d47e28-a88f-4012-8565-9191b3eb97b7,manifestly.top,available,2.98,6.98,medium,low,10,namecheap,,,08/09/2026 20:23
c95956b0-fd0e-405a-9a2b-512b10cb6d08,deterrent.top,available,1.88,4.88,high,low,9,namesilo,,,14/08/2026 04:48
0aa947b8-813d-4dfc-98d5-e6623524b560,verbosely.top,available,1.88,4.88,medium,low,9,namesilo,,,15/09/2026 12:43
a8d7233e-c2a9-4f25-a4fb-c61ba1527cca,hypertonic.top,available,1.88,4.88,medium,low,10,namesilo,,,21/08/2026 16:56
63d47c18-cdc6-4581-9bc2-ad307fda91ea,generic.top,premium,55.61,55.61,high,low,7,name.com,,,18/08/2026 21:28
b8e33baa-4ef1-4c27-94e7-deb5a0240cc9,faithless.top,available,2.98,6.98,medium,low,9,namecheap,,,17/08/2026 21:14
19aba66a-0946-4164-a30b-1a346708308c,fastgrowing.top,available,1.88,4.88,high,low,12,namesilo,,,
1504a4ae-69c1-4418-80b8-f0408a7fecf4,cement.top,premium,54.45,54.45,high,low,6,namesilo,,,
737a9ce8-5ed1-4e3a-bf9b-b102c6051853,firing.top,available,1.88,4.88,high,low,6,namesilo,,,27/09/2026 03:58
6782697d-683d-4eb5-9e7f-01fb11415413,allometric.top,available,1.88,4.88,medium,low,10,namesilo,,,
e2941cbc-2c63-4836-81bc-296cd5fd7519,judge.top,premium,7769.03,4.26,high,low,5,namesilo,,,25/09/2026 05:43
d1401001-79d9-4cc6-8b16-7fabf25e3e1c,celebrate.top,resell,,,high,low,9,Dynadot LLC,10/06/2024 02:11,10/06/2027 02:11,26/09/2026 04:49
bafde884-915f-4173-ab50-e6fd38550dc4,opposable.top,available,1.88,4.88,medium,low,9,namesilo,,,06/08/2026 07:43
1bd73d34-de78-44b5-966c-902a168b706a,cycloidal.top,available,14.99,14.99,medium,low,9,name.com,,,13/08/2026 13:40
22a5a091-d6e3-4c15-9494-68d099d5fef2,benton.top,premium,49.14,49.14,high,low,6,namesilo,,,25/09/2026 17:00
f917b266-06c6-4b84-a37a-08d7491c862e,westlake.top,available,,,high,low,8,,,,
761f8caf-5794-4cc5-af59-7da921e9285a,latterly.top,available,1.88,4.88,medium,low,8,namesilo,,,15/09/2026 10:54
3cb3728c-85d0-4add-b09f-b3717ad4a715,activase.top,available,1.88,4.88,medium,low,8,namesilo,,,17/09/2026 05:09
2f726bca-327c-49d2-a8d8-e5c5eb6d2763,manhattan.top,premium,49.14,49.14,high,low,9,namesilo,,,25/09/2026 23:31
eb6c2651-8d13-4310-a946-92994e9c87b1,westwards.top,available,1.88,4.88,medium,low,9,namesilo,,,13/09/2026 11:02
041b53cc-d589-460d-830d-b60145e91756,skip.top,premium,49.14,49.14,high,low,4,namesilo,,,25/09/2026 07:30
9f14117a-c935-4853-a9a2-6bd64f68bc4b,fixed.top,premium,58.1,58.1,high,low,5,namecheap,,,24/09/2026 19:10
052db5a7-de5f-4a2d-8914-29beb50399fc,clipper.top,premium,49.14,49.14,high,low,7,namesilo,,,24/09/2026 15:46
862a0831-e917-4a97-98b2-a8cbb0fbbd86,elated.top,available,1.88,4.88,high,low,6,namesilo,,,16/08/2026 00:44
beab8adb-9608-4814-8661-9f5aadc2d807,adana.top,premium,58.15,58.15,medium,low,5,namecheap,,,17/09/2026 06:19
ef9b09b9-5195-4437-8205-6694ae8bda54,ataractic.top,available,1.88,4.88,low,low,9,namesilo,,,07/08/2026 12:44
9d8cd376-63f4-4c1c-a095-d7bf554bd863,modifiable.top,available,1.88,4.88,medium,low,10,namesilo,,,25/08/2026 03:12
b71b47fb-284e-4f91-b877-38a964b10834,finish.top,premium,7769.03,4.26,high,low,6,namesilo,,,08/09/2026 15:33
be98158a-e3bb-474f-8783-180b938f2235,les.top,premium,129.57,,high,low,3,name.com,,,
35dbf042-7e7e-4647-85a4-00a721629e87,glad.top,premium,10493.02,5.04,high,low,4,namecheap,,,22/09/2026 18:28
8b41ed93-18af-4d7d-8d77-8f6bf816ee6a,fiduciary.top,available,1.88,4.88,high,low,9,namesilo,,,18/08/2026 03:39
4bc51dbf-615f-4004-9a2b-646f50e7115f,genital.top,available,1.88,4.88,medium,low,7,namesilo,,,18/08/2026 21:40
b11316af-6193-4e15-99c7-47588b83433b,truncheon.top,available,1.88,4.88,medium,low,9,namesilo,,,23/09/2026 16:38
77aa7930-7d1c-4ed1-ad90-f09c0f90cdfd,albite.top,available,1.88,4.88,high,low,6,namesilo,,,18/09/2026 02:59
e451944a-d31b-4395-88a9-33fefa73432b,aciculate.top,available,1.88,4.88,medium,low,9,namesilo,,,
5876cca0-b3dd-4558-bf74-7dc28e5c769c,gainfully.top,available,2.98,6.98,medium,low,9,namecheap,,,14/09/2026 20:58
cbe15b0d-cb02-47b8-8c0c-eae04d7d504c,punily.top,available,1.88,4.88,low,low,6,namesilo,,,15/09/2026 22:01
13eb77be-a1fc-4af7-9ac7-9ebb5db52a32,agrostemma.top,available,2.98,6.98,medium,low,10,namecheap,,,17/09/2026 19:51
3ef20ccd-537a-4931-80d7-f10962660f0b,serrate.top,available,1.88,4.88,medium,low,7,namesilo,,,03/09/2026 22:06
6276222e-2dbd-4ff9-b46e-c6b7eae38959,capitalise.top,available,1.88,4.88,high,low,10,namesilo,,,
d0c47704-95b6-46c1-81c9-41f8dffcf977,platinum.top,resell,,,high,low,8,Dynadot LLC,16/04/2024 15:52,16/04/2027 15:52,26/09/2026 08:12
80f52833-af22-4760-907a-717db06138a9,whence.top,available,1.88,4.88,medium,low,6,namesilo,,,16/09/2026 11:28
e5b77382-bfec-4928-a871-29cf3b7bda76,local.top,premium,10503.7,4.26,high,medium,5,namesilo,,,25/09/2026 14:09
9e0179d7-356b-4e4a-bc5e-781b2eab9a39,yield.top,premium,745.39,,high,low,5,name.com,,,
99276fb1-21e9-46c0-b761-f7fee628e144,exposit.top,available,1.88,4.88,medium,low,7,namesilo,,,15/08/2026 23:47
cccd6095-5258-43f5-b92a-b03b51b57246,amphibia.top,available,1.88,4.88,high,low,8,namesilo,,,18/09/2026 23:11
56ed7834-5701-4b6a-b9b8-78f6c6125ffb,surroundings.top,available,2.98,6.98,high,low,12,namecheap,,,23/09/2026 13:59
31fac6d4-5342-492a-8162-bfa3bda9259b,unyielding.top,available,1.88,4.88,high,low,10,namesilo,,,14/08/2026 15:01
d1da8d0d-f49e-4fbf-a085-2e9b5f5b8cce,fight.top,premium,7855.09,5.03,high,low,5,namecheap,,,24/09/2026 17:58
35a460b5-a35b-48da-b539-abdb1164f1d5,unsweet.top,available,1.88,4.88,low,low,7,namesilo,,,10/09/2026 01:07
a9e7d725-b9c7-491f-aee8-99f5cf15f37b,infrasonic.top,available,1.88,4.88,medium,low,10,namesilo,,,22/08/2026 04:48
39661e65-c9ef-4a98-9690-9778bc1324ad,wittingly.top,available,1.88,4.88,high,low,9,namesilo,,,15/09/2026 10:32
3ad558b6-a47c-4e7c-82db-f63cfe4bbcaf,stagy.top,available,2.98,6.98,medium,low,5,namecheap,,,10/09/2026 18:04
48aa2996-c439-4636-b8bc-f2d404155fef,shadow.top,premium,275.1,,high,low,6,name.com,,,
fe4fa173-d7fa-4e2a-bb4f-8c5da151dc42,imaginable.top,available,1.88,4.88,high,low,10,namesilo,,,23/09/2026 18:44
fae82955-ab1c-4e91-b066-137c106a7406,diplomate.top,available,1.88,4.88,high,low,9,namesilo,,,
eb95797b-8e50-4e15-a0bb-45e15d50506e,accrued.top,available,1.88,4.88,medium,low,7,namesilo,,,
ee70c7da-a611-4f9e-bf7a-d1c275612e59,swot.top,premium,55.57,55.57,high,low,4,name.com,,,10/08/2026 18:21
80ff1a83-a7ba-49fe-be99-35ca7f070d87,lingual.top,available,1.88,4.88,high,low,7,namesilo,,,23/08/2026 15:07
791af619-41ca-4bda-b14c-a63a9a579484,fundamentalism.top,available,6.98,,medium,low,14,namecheap,,,
e8b309e3-318b-4da7-a4b0-099c014a0d32,hindrance.top,available,1.88,4.88,medium,low,9,namesilo,,,14/08/2026 04:50
f550b915-0635-4dbb-9720-2b3d4fb2d382,deer.top,premium,250.32,250.32,high,low,4,name.com,,,24/09/2026 13:40
3cbdefb6-f484-443c-8440-9e9a56680c9a,lavishly.top,available,1.88,4.88,medium,low,8,namesilo,,,15/09/2026 11:03
c68d1738-a930-4d8e-8601-083ae83c44a3,phrasal.top,available,2.98,6.98,high,medium,7,namecheap,,,08/09/2026 19:19
3cffe1b8-271a-438b-9579-d92ed9965755,case.top,premium,5017.87,,high,low,4,name.com,,,
f587cf9b-922e-42a3-91a4-68c953d02f6d,rim.top,premium,82.59,82.59,high,low,3,namesilo,,,24/09/2026 10:31
91f8966b-0848-4e5d-a025-890600d415fc,reasoned.top,available,1.88,4.88,high,low,8,namesilo,,,09/09/2026 11:08
c825466b-1217-456e-9919-ccace1742078,deface.top,available,1.88,4.88,medium,low,6,namesilo,,,24/09/2026 05:35
cbac4fe9-6411-4bd4-bd44-0f5177b7b522,powdered.top,available,1.88,4.88,high,low,8,namesilo,,,19/09/2026 15:51
d0f1e3c0-3cf6-4268-85bb-f05e7ca897ac,bossy.top,premium,55.58,55.58,high,low,5,name.com,,,07/08/2026 19:35
25a32f68-5845-44e1-9d49-7a712ecdd87e,suffering.top,available,1.88,4.88,high,low,9,namesilo,,,25/08/2026 01:27
84033d0f-7a80-47b6-b331-ff2ad27c47c0,elected.top,available,1.88,4.88,high,low,7,namesilo,,,16/08/2026 02:35
ab4ce341-1862-4e9c-a15e-30c9d6f83763,rheumatic.top,available,1.88,4.88,medium,low,9,namesilo,,,06/08/2026 23:05
3fae3d4a-8b68-4fae-80e5-4ef8100e31ad,snippet.top,available,,,high,low,7,,,,
9f29c562-5270-4755-89d4-437db585dd5d,expertly.top,available,1.88,4.88,high,low,8,namesilo,,,14/09/2026 17:05
3868a860-7359-4d1a-90b5-9b882889dadb,humanlike.top,available,,,medium,low,9,,,,
865ad5b7-0aa6-4bcd-820b-725c53876c7e,hoofed.top,available,1.88,4.88,medium,low,6,namesilo,,,21/08/2026 13:40
88d6672d-9a08-4511-8bef-dde6832ac5ec,weakly.top,available,14.99,14.99,medium,low,6,name.com,,,13/08/2026 20:38
b8305daa-e9e2-4243-ae5b-068f916be7c9,appetiser.top,available,2.98,6.98,high,low,9,namecheap,,,19/09/2026 20:48
c046ba36-40f4-4605-adbf-f0f4186a2f06,command.top,premium,5251.95,4.26,high,low,7,namesilo,,,23/09/2026 13:28
5ddab3be-f115-423d-be4d-8f4e00a031a4,toughie.top,available,1.88,4.88,high,medium,7,namesilo,,,09/09/2026 06:05
3888d4fa-2a66-47c4-87a0-de846158c353,situated.top,available,1.88,4.88,medium,low,8,namesilo,,,25/09/2026 14:16
ac8eb5c6-181c-40a8-8c69-e51fc292c848,polyploid.top,available,1.88,4.88,medium,low,9,namesilo,,,08/09/2026 23:29
987bf7d2-ef3e-4397-aff1-98ad97df7554,northerly.top,available,2.98,6.98,medium,low,9,namecheap,,,03/09/2026 21:23
c1d2de0b-b05c-4c81-8516-fd004445653c,lxii.top,available,1.88,4.88,medium,low,4,namesilo,,,
0be5d40f-e947-4295-90e4-6686fc1a03a6,rear.top,premium,58.21,58.21,high,low,4,namecheap,,,22/09/2026 19:06
98c84bca-4d5e-4737-9250-1a1e485079d2,lii.top,premium,74.33,74.33,high,low,3,namesilo,,,
3f024e3f-6a70-405f-bc80-49ef8fd53c02,chinch.top,available,1.88,4.88,medium,low,6,namesilo,,,22/09/2026 22:46
0454f707-a329-4edc-b231-a8eae2e27ddf,acoustical.top,available,1.88,4.88,medium,low,10,namesilo,,,
b9781281-9a77-476c-a7c3-6122d974c471,uhf.top,premium,82.59,82.59,high,low,3,namesilo,,,26/09/2026 00:28
450164a2-6722-411a-885c-72dd69a4bd8e,polyglot.top,premium,49.14,49.14,high,low,8,namesilo,,,08/09/2026 23:17
ac247b4b-e6ea-4188-80e0-fd6e19b50f72,antiseptic.top,available,1.88,4.88,high,low,10,namesilo,,,22/09/2026 06:54
fd3bb918-908d-46ac-b4d2-ef73a7480657,lxxxv.top,available,2.98,6.98,medium,low,5,namecheap,,,
fac64585-f64b-44c6-b2ec-665aa4792904,nanus.top,available,1.88,4.88,medium,low,5,namesilo,,,24/08/2026 22:32
9702414b-4d71-474b-af16-6eeed0d7d645,comprise.top,available,1.88,4.88,high,low,8,namesilo,,,
ca00f88b-9181-4d12-830a-81f5ba406058,contention.top,available,1.88,4.88,medium,low,10,namesilo,,,20/09/2026 04:48
933a327a-e674-41cd-aaee-5df3b39ce861,culinary.top,resell,1378.76,14.99,high,low,8,Dynadot LLC,27/03/2017 12:58,27/03/2027 12:58,26/09/2026 05:22
d51f3fdc-cf03-4352-ab12-e21d32433245,global.top,premium,532.99,532.99,high,medium,6,namesilo,,,22/09/2026 16:32
24703c31-817b-464c-aaa0-cc986e59a5db,estimators.top,available,2.98,6.98,medium,low,10,namecheap,,,20/09/2026 23:34
c4e7638e-c883-489b-85d3-beededbfbfbd,sale.top,premium,732.02,,high,low,4,name.com,,,
623ab68d-f92b-4df4-8571-b53ea08a0016,unemployment.top,available,,,high,low,12,,,,
8606f9b7-957b-454f-95e9-572885e903a0,limitation.top,available,1.88,4.88,medium,low,10,namesilo,,,
dce05dce-79bb-4af7-9ac4-1eb45aab9896,braided.top,available,1.88,4.88,high,low,7,namesilo,,,11/08/2026 01:28
7e3b9c3a-2f9d-44df-b772-c9413e62d1c4,ethically.top,available,1.88,4.88,high,low,9,namesilo,,,14/09/2026 16:20
5460770a-b9d7-43dc-b28b-a940726a9bf7,treat.top,premium,290.72,290.72,high,low,5,namecheap,,,24/09/2026 04:23
dd50275a-4528-4abe-9dd5-3127d3a554ae,abronia.top,available,1.88,4.88,medium,low,7,namesilo,,,16/09/2026 17:19
3ec38620-00a2-431f-ade4-16740f4f8dbc,dozens.top,available,1.88,4.88,high,low,6,namesilo,,,14/09/2026 23:20
2c65b37a-f9d7-440f-aa81-41762fc40f0f,bahamas.top,available,,,high,high,7,,,,
cfe2adfd-27f1-4e8e-afd2-1e016934cd44,spontaneity.top,available,1.88,4.88,high,low,11,namesilo,,,
7a6f2ebe-1050-417e-9e88-9da39ae4cc7c,hanson.top,premium,96.84,96.84,high,low,6,namecheap,,,25/09/2026 13:05
00faaefb-b159-4460-914e-a7d67d92bfe4,absolved.top,available,1.88,4.88,high,low,8,namesilo,,,
f97f74e5-8734-45cb-97ba-e511bc53849a,appetizing.top,available,1.88,4.88,high,low,10,namesilo,,,06/08/2026 06:45
d2f3df64-4257-4192-9139-56a19462b7f6,appetence.top,available,1.88,4.88,medium,low,9,namesilo,,,19/09/2026 20:44
a6cb9ea8-c2db-45b3-8382-27594b2e544c,daylong.top,premium,55.61,55.61,medium,low,7,name.com,,,13/08/2026 18:51
50a0ac82-52da-460e-8329-1486b5c62444,algin.top,available,1.88,4.88,medium,low,5,namesilo,,,18/09/2026 07:04
6b02c6b9-cf33-43a2-8da3-30271bd14ce9,participating.top,available,6.98,,medium,low,13,namecheap,,,
1aabb812-e9ff-47ea-90ef-1ee5c5749c11,allargando.top,available,1.88,4.88,medium,low,10,namesilo,,,
20f1fac8-fc53-4ea4-88a5-a9bd4dc156e3,cubbyhole.top,available,1.88,4.88,high,medium,9,namesilo,,,10/09/2026 12:52
e57aa169-d467-4a62-a27c-1b5fe8c775e2,existent.top,available,2.98,6.98,high,low,8,namecheap,,,
5dd6baa1-4c3e-4de2-a2af-906f99306958,backchat.top,available,1.88,4.88,medium,low,8,namesilo,,,21/09/2026 15:20
34709e25-d313-4e11-b559-b084e5780906,unentitled.top,available,1.88,4.88,low,low,10,namesilo,,,12/09/2026 09:07
77c37b79-ea0e-4979-b094-7cb9356cfe5c,demurely.top,available,1.88,4.88,medium,low,8,namesilo,,,14/09/2026 11:31
18367073-d028-4c3c-bf8f-81530a0983cb,motored.top,available,1.88,4.88,medium,low,7,namesilo,,,25/08/2026 08:30
d26f3811-f886-4c8e-a760-1c9b9e6f8688,randomly.top,available,1.88,4.88,medium,low,8,namesilo,,,13/09/2026 20:35
7647337e-c8cb-4cbb-ac66-d7529af40b2d,fatherly.top,available,1.88,4.88,high,low,8,namesilo,,,17/08/2026 23:36
dd587114-6025-436b-9e50-920502c05aa3,hopefully.top,available,2.98,6.98,high,low,9,namecheap,,,25/09/2026 10:56
b2ecd5bd-b23c-4970-8b2c-b59557fbda50,auvergne.top,available,2.98,6.98,medium,low,8,namecheap,,,21/09/2026 08:32
fbc7bd16-ec56-4cf9-81ce-1f7f4240f30d,unexampled.top,available,1.88,4.88,medium,low,10,namesilo,,,12/09/2026 09:24
54331dde-7a35-4575-8ba7-a9fbcdec0776,armlet.top,available,1.88,4.88,medium,low,6,namesilo,,,20/09/2026 06:20
3c562e58-7e66-4a92-810b-69576d5a7fa5,venous.top,available,1.88,4.88,medium,low,6,namesilo,,,13/09/2026 02:10
37574de9-a61a-464b-ab11-08c57152a0fe,bemidji.top,available,1.88,4.88,medium,low,7,namesilo,,,23/09/2026 07:16
e0ec91e5-366c-42b6-a345-324bc6cdb19a,exec.top,premium,54.45,54.45,high,low,4,namesilo,,,
f53d9f26-d6f8-44a4-bd99-7ab989282d63,belgian.top,available,,,medium,low,7,,,,
0e891dc2-c6ec-444d-a1d8-a611793a66eb,action.top,premium,10503.7,4.26,high,medium,6,namesilo,,,25/09/2026 10:33
f47b1073-68cb-4688-9117-750f8b56e4f6,bacchanal.top,available,1.88,4.88,high,low,9,namesilo,,,08/08/2026 04:14
e666f815-9c76-48f6-9b68-fddcdfd5a746,terminating.top,available,1.88,4.88,medium,low,11,namesilo,,,08/09/2026 14:51
38854807-d446-43d1-869a-d9d7a3e4f839,decoders.top,available,1.88,4.88,low,low,8,namesilo,,,20/09/2026 07:41
cbad47b6-1f43-4864-8a35-ac27fe6fcaab,mutative.top,available,1.88,4.88,medium,low,8,namesilo,,,03/09/2026 11:48
6fe3607c-c8dd-48b1-b995-0a1361e902b8,backside.top,available,1.88,4.88,medium,low,8,namesilo,,,09/08/2026 10:44
89b03847-7732-4272-8143-4dc8fe768bc4,slowpoke.top,available,2.98,6.98,medium,low,8,namecheap,,,10/09/2026 20:25
b079d143-f757-443a-8548-177bcc9559de,sightly.top,available,2.98,6.98,medium,low,7,namecheap,,,10/08/2026 18:49
9abf2da9-d9e4-4f93-8e0c-189569aa42b4,schweitzer.top,available,2.98,6.98,high,low,10,namecheap,,,18/09/2026 02:40
c633c854-7d8c-4a15-b6b4-e0bae71821be,burnett.top,available,1.88,4.88,high,low,7,namesilo,,,25/09/2026 03:44
1e3110c6-c882-4700-8146-0e9587d5f0b6,birdhouse.top,available,2.98,6.98,high,low,9,namecheap,,,23/09/2026 20:39
1ac6ade2-7835-4329-a53d-4b0ff4f9fae7,fabulously.top,available,1.88,4.88,medium,low,10,namesilo,,,14/09/2026 17:19
84ad1c94-e707-482c-b05e-4b1b507e83ef,demoted.top,available,1.88,4.88,medium,low,7,namesilo,,,21/09/2026 05:02
6ecf2bda-ccd1-4194-8a12-a58fd7bb8d79,abramis.top,available,1.88,4.88,medium,low,7,namesilo,,,16/09/2026 16:53
185d2602-0580-44c2-befe-55c57a6deafb,haired.top,available,1.88,4.88,medium,low,6,namesilo,,,20/08/2026 22:09
bc9aee4c-c074-4ac8-b176-13fca699af2b,flexuous.top,available,1.88,4.88,medium,low,8,namesilo,,,18/08/2026 08:08
03c925c2-b6aa-4c9a-920e-ae147d4ba824,neotenic.top,available,1.88,4.88,medium,low,8,namesilo,,,03/09/2026 15:31
f377a8de-1b81-45ea-b24b-b80cc525092f,sophistication.top,available,1.88,4.88,high,low,14,namesilo,,,
a77bc817-5373-4d4b-af0f-4b98352d7e37,triangle.top,premium,54.45,54.45,high,low,8,namesilo,,,
e10918de-83a2-47e0-8649-077b22e64132,ornery.top,available,1.88,4.88,medium,low,6,namesilo,,,13/08/2026 08:28
b1dc40f1-93fa-4215-965b-7afea345f22c,glooming.top,available,1.88,4.88,medium,low,8,namesilo,,,20/08/2026 14:41
7547c33d-815b-4f0b-bb59-1216e1ceb07d,poor.top,premium,10358.69,4.26,medium,low,4,namesilo,,,24/09/2026 23:28
c819e9ce-43e4-47c0-81ef-3572b3a21d18,likewise.top,available,14.99,14.99,high,low,8,name.com,,,22/09/2026 00:06
5afc018b-86f8-46ec-9d27-f8d5deb90489,gladiola.top,available,1.88,4.88,medium,low,8,namesilo,,,19/08/2026 00:09
0bf60349-0264-4974-87dd-2bab26959a6d,attends.top,available,1.88,4.88,medium,low,7,namesilo,,,17/09/2026 22:27
dd0c1ca0-1f44-4cbb-903b-fbaacc9cde92,antlered.top,available,1.88,4.88,medium,low,8,namesilo,,,05/08/2026 20:11
ea829e44-4199-4005-8ec8-b1b1882f9b9f,amniote.top,available,1.88,4.88,medium,low,7,namesilo,,,18/09/2026 22:28
6d9fafa3-3a08-4fc8-9a85-1bd4101c4aac,europe.top,resell,,,high,low,6,成都西维数码科技有限公司,09/09/2016 03:26,09/09/2027 03:26,26/09/2026 05:54
3296645d-c452-45e4-bc21-147022582067,harlot.top,available,14.99,14.99,medium,low,6,name.com,,,13/08/2026 14:19
69031ab7-bad8-43fb-9ed8-e200d9190166,afield.top,available,2.98,6.98,medium,low,6,namecheap,,,13/09/2026 17:59
6b17755d-392c-4f2c-9b55-1f20642a4754,acetabular.top,available,1.88,4.88,medium,low,10,namesilo,,,
bccc8217-e57d-46a9-a4a9-3307e7f41006,chimney.top,available,1.88,4.88,high,low,7,namesilo,,,
08d6f9ad-02d9-4644-96ba-a88b45a7df28,backache.top,available,1.88,4.88,medium,low,8,namesilo,,,21/09/2026 14:56
f29cad4d-08a8-4dba-b15d-774aedd55d23,nottingham.top,available,14.99,14.99,high,low,10,name.com,,,26/09/2026 00:49
a3246ef3-e002-48d2-98f0-db45c4d24d6a,recessions.top,available,1.88,4.88,medium,low,10,namesilo,,,21/09/2026 06:29
531168f4-8b88-4a0a-9940-07148cc238fe,teachers.top,resell,,,high,low,8,Dynadot LLC,15/04/2025 18:10,15/04/2027 18:10,26/09/2026 09:32
be5124d3-0a5e-4144-b0cf-fbb86dd02e8e,prosodic.top,available,1.88,4.88,medium,low,8,namesilo,,,09/09/2026 03:39
4f654d19-f272-49ac-bf44-3001704de6b4,justly.top,available,1.88,4.88,high,low,6,namesilo,,,15/09/2026 10:18
d41cfcb7-35e4-4c24-a81e-3603e09d00cc,crotch.top,available,1.88,4.88,medium,low,6,namesilo,,,24/09/2026 19:42
ccfa6764-396b-473f-bbb5-ee5fb867c9d9,westcott.top,available,1.88,4.88,medium,low,8,namesilo,,,
d1847433-8bed-4281-9c7e-9a8b953c9435,cubitus.top,available,1.88,4.88,high,low,7,namesilo,,,20/09/2026 11:25
cc8ca0c8-890a-4583-aeb7-81c4a06f28d8,understand.top,premium,91.67,,high,low,10,name.com,,,
3eb5f670-a811-4f7a-bc96-b488a9c7786b,unmarried.top,available,1.88,4.88,medium,low,9,namesilo,,,12/09/2026 15:26
74f82704-f11e-4808-9856-136520a86acc,dinesen.top,available,2.98,6.98,medium,low,7,namecheap,,,22/09/2026 07:24
8e43af36-531f-4443-a42b-1551d7664814,accusing.top,available,1.88,4.88,medium,low,8,namesilo,,,
f0ddcca2-59a6-4ac5-adb3-d19ceeff2d54,arrested.top,available,2.98,6.98,high,low,8,namecheap,,,17/09/2026 20:22
3d4fafb1-e681-4ef5-b7a4-bae6eadcd0a8,gdp.top,premium,214.44,214.44,high,low,3,namesilo,,,25/09/2026 06:24
82776fe9-9813-457c-b627-0d3b4b16eba1,gutsy.top,available,2.98,6.98,high,low,5,namecheap,,,20/08/2026 21:14
4e2c21e4-d510-4334-92ef-81f06de05ecf,banded.top,available,1.88,4.88,medium,low,6,namesilo,,,08/08/2026 11:40
a6947a9c-20af-4a03-8d57-e8d375df95c5,purchaser.top,available,1.88,4.88,high,low,9,namesilo,,,24/09/2026 11:22
486a37e5-8a16-4c45-80a6-554937f9a48f,meld.top,premium,49.14,49.14,high,low,4,namesilo,,,22/09/2026 11:20
b950de61-443b-4278-9d2a-af8dd25cbba3,idler.top,premium,49.14,49.14,medium,low,5,namesilo,,,14/08/2026 14:10
eb6df9a6-5c1d-4a84-8c22-0b6c6fafc26b,bonney.top,available,1.88,4.88,medium,low,6,namesilo,,,23/09/2026 16:28
c4adeec9-73fd-4ca3-8dd9-eb30591b113e,aidoneus.top,available,14.99,14.99,medium,low,8,name.com,,,17/09/2026 20:53
5361298f-e7d7-45e3-9b4f-50cdc1265f30,centralised.top,available,1.88,4.88,high,low,11,namesilo,,,
cedf4787-558f-40ec-a3c1-f3b513557389,sly.top,premium,232.58,232.58,high,low,3,namecheap,,,24/09/2026 01:29
2be2203a-dd8b-44eb-9f48-1bd455314f93,grumpy.top,resell,,,medium,low,6,Dynadot LLC,31/12/2025 18:07,31/12/2026 18:07,26/09/2026 06:31
a306f095-36b2-4841-b164-ad20c9723d85,buns.top,premium,49.14,49.14,medium,low,4,namesilo,,,09/08/2026 10:54
a769aeab-3434-4597-b81f-1682dba9aa80,wavell.top,available,1.88,4.88,medium,low,6,namesilo,,,20/09/2026 02:03
23496fcb-3270-4f76-bea2-cab11abcea64,tricuspid.top,available,2.98,6.98,medium,low,9,namecheap,,,11/09/2026 19:29
f8b7f9a9-a254-4d17-8481-c3c250b63650,tapped.top,available,1.88,4.88,high,low,6,namesilo,,,11/09/2026 08:19
c26da8b8-9674-4571-b450-23a716bc3e90,lividity.top,available,1.88,4.88,medium,low,8,namesilo,,,17/09/2026 00:59
1f0ca040-977e-4b92-b786-8478290a4b9e,hearable.top,available,1.88,4.88,medium,low,8,namesilo,,,07/08/2026 16:35
a6c7cbed-5d9c-43c0-93b8-b261da011291,flogging.top,available,2.98,6.98,medium,low,8,namecheap,,,22/08/2026 20:16
bcc2e1f4-4a28-4787-b875-95ace4da6408,cinnamon.top,premium,54.45,54.45,high,low,8,namesilo,,,
12de4bc9-2775-4eef-86da-4f923796dac4,abettal.top,available,1.88,4.88,medium,low,7,namesilo,,,16/09/2026 15:18
bf875855-3e36-4c18-b1f9-d1c74e9cfb30,alps.top,premium,49.14,49.14,high,low,4,namesilo,,,18/09/2026 14:12
cdc66f85-2df9-4bcd-93de-5c7b653e03a0,occurred.top,available,1.88,4.88,medium,low,8,namesilo,,,18/09/2026 13:50
52e34295-0cc2-4e11-891d-1f7d81878fd5,demise.top,available,1.88,4.88,high,low,6,namesilo,,,14/08/2026 21:56
03c51d06-beb4-42dd-be8d-0dbfb080fa8c,angry.top,premium,360.31,360.31,high,low,5,namesilo,,,
b4679910-45af-4f8a-9a7c-2a70a1a8100c,allograph.top,available,1.88,4.88,medium,low,9,namesilo,,,18/09/2026 11:54
c5de715a-77ea-445f-81a7-243132af62ca,vexation.top,available,1.88,4.88,medium,low,8,namesilo,,,
1bbe3c86-3bef-4a9a-bb38-565b01de228b,seawards.top,available,1.88,4.88,medium,low,8,namesilo,,,10/09/2026 01:02
f7f0e2d7-f12b-49b1-8d52-870a21d3a542,supplement.top,resell,,,high,low,10,"Spaceship, Inc.",25/02/2024 22:10,25/02/2027 22:10,26/09/2026 09:25
2939bf4b-109e-409c-bb03-28857ab43bac,ballock.top,available,1.88,4.88,medium,low,7,namesilo,,,21/09/2026 23:03
dc23a4f4-b2a7-4f3b-b4e8-af201286b840,leadplant.top,available,1.88,4.88,medium,low,9,namesilo,,,18/09/2026 22:45
4afdec77-57f1-4d01-b33b-a018547ede68,clonic.top,available,1.88,4.88,medium,low,6,namesilo,,,12/08/2026 12:02
7235d36b-ef08-4f5e-9537-950070b4a991,sunburn.top,available,1.88,4.88,high,low,7,namesilo,,,11/09/2026 07:53
30d31a23-aa1f-4d1a-ac58-029b28b32e73,apposite.top,available,1.88,4.88,medium,low,8,namesilo,,,06/08/2026 07:53
a8a2ad87-7084-41a8-b4ac-975cee7f9138,mug.top,premium,57.32,57.32,high,low,3,namesilo,,,24/09/2026 14:58
8146bfcf-94f4-41f6-a8eb-d09da6f66cda,disneyland.top,available,1.88,4.88,high,low,10,namesilo,,,
a939d58c-7f0a-4796-8cc6-044fb11a6391,planted.top,available,1.88,4.88,high,low,7,namesilo,,,24/09/2026 04:59
08e9f3a4-3952-42b4-803d-dabbd9e9a4cc,aorist.top,available,2.98,6.98,medium,low,6,namecheap,,,19/09/2026 16:03
de29a11f-31ec-41b2-9fc6-2e92d0e93977,abidjan.top,available,1.88,4.88,medium,low,7,namesilo,,,16/09/2026 15:38
decb4226-7890-4d05-8d8c-b1e22ab61819,planar.top,premium,49.14,49.14,high,low,6,namesilo,,,08/09/2026 20:37
464e2d06-48ed-4ad1-a290-d200ea2ecbdf,barnburner.top,available,1.88,4.88,medium,low,10,namesilo,,,22/09/2026 06:49
944ac731-dbee-45fd-9a85-9c31b81db523,iberian.top,available,1.88,4.88,high,low,7,namesilo,,,21/08/2026 17:32
0218acf5-608e-416f-9752-8d0615b64e8f,basketry.top,available,1.88,4.88,medium,low,8,namesilo,,,22/09/2026 11:28
b293331b-cf02-4ead-90d7-ac4a4d0acdd9,stickup.top,available,1.88,4.88,medium,low,7,namesilo,,,20/09/2026 06:38
8d842adb-564a-4cf6-add4-6da2ca1c9a98,benedick.top,available,1.88,4.88,high,low,8,namesilo,,,23/09/2026 07:51
24e576e5-daec-4aec-93ba-898111f88d53,shape.top,premium,274.6,,high,low,5,name.com,,,
512f6bd8-71c8-4161-abd4-fbea4bf3e970,tragicomic.top,available,1.88,4.88,medium,low,10,namesilo,,,11/09/2026 18:46
d1e0eb9e-0a03-4e77-8d8c-4431e66460a6,arbovirus.top,available,1.88,4.88,medium,low,9,namesilo,,,20/09/2026 00:52
ae0c20c4-00e3-4596-bd9e-ad2f0fb3d6be,flyaway.top,premium,82.59,82.59,medium,low,7,namesilo,,,18/08/2026 08:13
1ca2627d-9431-4687-a4f6-a09aac87603d,extinction.top,available,1.88,4.88,high,low,10,namesilo,,,
177acd97-6ad3-4fdf-a980-b9384c2f2431,speaking.top,available,1.88,4.88,high,medium,8,namesilo,,,10/09/2026 15:24
f2f8121b-5e99-42df-a9c4-748e6444310b,temper.top,premium,49.14,49.14,high,low,6,namesilo,,,27/09/2026 04:28
9d6f9894-6092-4e32-8792-c37c9d61c85d,drily.top,available,1.88,4.88,medium,low,5,namesilo,,,14/09/2026 14:23
4dac4837-09e7-4c93-b5b1-c33eb04a8066,grand.top,premium,7872.62,5.04,high,low,5,namecheap,,,21/09/2026 11:05
8c0cdaf9-43e3-48b9-8137-89bc22076281,agronomic.top,available,1.88,4.88,medium,low,9,namesilo,,,
27e779eb-a069-4d1a-9e53-25caaaf277be,ethnic.top,available,1.88,4.88,high,low,6,namesilo,,,24/09/2026 15:23
655e1193-00ef-4c04-acb6-f2aaf1ab3d40,stared.top,available,1.88,4.88,medium,low,6,namesilo,,,18/09/2026 02:18
43f83beb-abf6-4d28-8010-76570b3070e0,unranked.top,available,1.88,4.88,high,low,8,namesilo,,,12/09/2026 17:44
9583b344-7b2d-4ff6-a1a1-530c255dc5ef,market.top,premium,532.99,532.99,high,medium,6,namesilo,,,19/09/2026 13:41
f3f224f2-b9e4-40f4-ac0d-e3c5a2f7fbc4,liaise.top,available,1.88,4.88,high,low,6,namesilo,,,22/08/2026 08:15
316afb14-8a7d-42c4-a35d-34e3f1e795ad,calgary.top,premium,58.15,58.15,high,low,7,namecheap,,,24/09/2026 11:43
4083d4ab-a101-4eb9-ae72-fc726fe24d93,attained.top,available,1.88,4.88,medium,low,8,namesilo,,,07/08/2026 15:07
a4019544-d6e7-413a-a10e-3bfac65375ee,sorrowful.top,available,1.88,4.88,medium,low,9,namesilo,,,10/09/2026 14:37
de811c91-34c2-408c-88d1-f6befd8ac049,bicuspid.top,available,1.88,4.88,high,low,8,namesilo,,,09/08/2026 19:44
09cc0bf4-7ebb-45be-8364-3934bc67304e,lamppost.top,available,1.88,4.88,high,low,8,namesilo,,,
da815ddf-d908-47d8-ba84-4c8d5b35eec4,churchman.top,available,1.88,4.88,high,low,9,namesilo,,,14/08/2026 23:29
5db08d02-e1dc-4337-973e-d707d3d89e51,tyro.top,premium,58.21,58.21,medium,low,4,namecheap,,,23/09/2026 02:27
defcd4a7-35ca-4d7f-b903-02b7cffc7e81,shorn.top,available,1.88,4.88,high,medium,5,namesilo,,,10/09/2026 06:11
66c6d47a-baf4-4a57-aa87-9eea51b0dfce,ungummed.top,available,1.88,4.88,low,low,8,namesilo,,,12/09/2026 11:43
6382b670-422a-4146-97d0-d39600892b7d,spare.top,premium,290.5,290.5,high,low,5,namecheap,,,24/09/2026 15:52
dbb28c62-1c74-4a48-ac6f-ce07beebcbe2,tennyson.top,available,1.88,4.88,medium,low,8,namesilo,,,18/09/2026 06:38
87b583a5-e5fe-46be-b6b8-e839df263240,devours.top,available,1.88,4.88,low,low,7,namesilo,,,21/09/2026 08:47
a797e2bc-98d2-41d2-87dd-e94291c58103,eat.top,premium,919.02,,high,low,3,name.com,,,
9ea5a56d-49c4-4773-9553-1f75e9c1bc22,duplicity.top,available,1.88,4.88,medium,low,9,namesilo,,,14/08/2026 16:52
ca98fe74-f333-41dd-b355-55b3d7b9c6bd,rough.top,premium,266.5,266.5,high,low,5,namesilo,,,06/08/2026 09:39
6fed7aa0-bace-4497-9a38-8679521ab979,castle.top,premium,49.14,49.14,high,low,6,namesilo,,,25/09/2026 04:06